Sr No,Item No,Unit,Pack Size,Description,Brand,Unit Price Per Case,Unit Price Per Packsize Unit,Category,Max Quantity,Market Price,Market Price Unit
1,8046302,cs,6/160CT,WIPE DISINFECTANT SURFACE STERILE,DIAMWPS,37.07,,,,,
2,1203207,cs,4/5LB,CREAM SOUR ALL NATURAL GRADE A,WHLFCLS,25.05,,,,,
3,1871227,cs,1/2.5GAL,ICE CREAM VANILLA,HAGNDAZ,45.2,,,,,
4,4609772,cs,6/.5 GAL,MILK HOMOGENIZED EXTENDED SHELF LIFE SPOUT,WHLFCLS,20.79,,,,,
5,5469259,cs,2/2.2 LB,CHEESE BRIE DOMESTIC 1 KG,BBRLIMP,19.59,,,,,
6,1177559,cs,12/5.29OZ,CHEESE BOURSIN HERB FRENCH,BOURSIN,43.6,,,,,
7,2105849,cs,1/15 DZ,EGG IN-SHELL EXTRA-LARGE GRADE AA USDA WHITE,WHLFCLS,20.97,,,,,
8,4828554,cs,12/32 OZ,CREAMER HALF & HALF EXTENDED SHELF LIFE,WHLFCLS,25.39,,,,,
9,4828802,cs,12/32 OZ,CREAM HEAVY WHIPPING 36% EXTENDED SHELF LIFE,WHLFCLS,44.63,,,,,
10,5926910,cs,36/1 LB,BUTTER SOLID UNSALTED USDA AA,WHLFIMP,99.95,,,,,
11,3029614,cs,4/5 LB,BUTTER CLARIFIED 4-5#,WHLFCLS,79.37,,,,,
12,698142,cs,2/5#,CHEESE BLUE CRUMBLE LARGE,SYS IMP,30.16,,,,,
13,1403898,cs,1/10 LB,EGG HARDBOILED WHOLE PEELED SELECT,WHLFCLS,15.27,,,,,
14,3295080,cs,6/32 OZ,YOGURT PLAIN GREEK NONFAT,YOPLAIT,29.63,,,,,
15,6935464,cs,12/32 OZ,CREAM HEAVY 40% EXTENDED SHELF LIFE STABILIZED,WHLFCLS,47.51,,,,,
16,8919086,cs,4/5 LB,CHEESE CHEDDAR JACK FEATHER SHREDDED,CASAIMP,49.27,,,,,
17,4099418,cs,8/1 LB,CHEESE MOZZARELLA LOG SLICED FRESH CRYOVAC,AREZIMP,31.16,,,,,
18,1956804,cs,2/5 LB,CHEESE ASIAGO SHREDDED,AREZIMP,38.68,,,,,
19,1871201,cs,1/2.5GAL,ICE CREAM CHOCOLATE,HAGNDAZ,45.65,,,,,
20,4066682,cs,4/5LB,CHEESE PARMESAN SHREDDED FANCY USA,AREZIMP,71.32,,,,,
21,4066682,ea,1/5LB,CHEESE PARMESAN SHREDDED FANCY USA,AREZIMP,18.8,,,,,
22,3716750,cs,6/3 LB,CHEESE CREAM ORIGINAL LOAF,PHILA,47.23,,,,,
23,4830533,cs,520/.23 OZ,BUTTER ROSETTE SALTED SOLID PREMIUM,BTRFARM,47.04,,,,,
24,6697114,cs,4/5 LB,CHEESE AMERICAN 120 SLICES YELLOW,BBRLCLS,41.72,,,,,
25,6697114,ea,1/5 LB,CHEESE AMERICAN 120 SLICES YELLOW,BBRLCLS,11,,,,,
26,2105823,cs,1/15 DZ,EGG IN-SHELL LARGE GRADE AA USDA WHITE,WHLFCLS,17.98,,,,,
27,671677,cs,2/5 LB,CHEESE BLUE CRUMBLES,SYS IMP,28.06,,,,,
28,1140427,cs,12/10.5OZ,CHEESE GOAT LOG CHEVRE,BBRLIMP,53.63,,,,,
29,3715679,cs,6/5 LB,CHEESE SPREAD LOAF PASTEURIZED PROCESSED,VELVETA,0,,,,,
30,5020193,cs,2/5 LB,CREAM SOUR CULTURED GRADE A,WHLFCLS,14.47,,,,,
31,8116055,cs,360/3/8 OZ,CREAMER HALF & HALF SHELF STABLE,WHLFCLS,14.54,,,,,
32,15438,cs,4/5 LB,CHEESE PARMESAN SHAVED,ANDOLNA,77.52,,,,,
33,15438,ea,1/5 LB,CHEESE PARMESAN SHAVED,ANDOLNA,20.43,,,,,
34,1251745,cs,12/15 OZ,CREAM WHIPPED AEROSOL EXTRA CREAMY,WHLFCLS,0,,,,,
35,8247436,cs,12/32OZ,MILK SOY PLAIN ASEPTIC,SUNRICH,23.91,,,,,
36,2491751,cs,2/3 LB,CHEESE MOZZARELLA CILIEGENE FRESH,AREZIMP,25.32,,,,,
37,109445,cs,12/5.3 OZ,YOGURT VANILLA GREEK,DANNON,12.72,,,,,
38,3546369,cs,8/1.5 LB,CHEESE CHEDDAR MILD SLICED INTERLEAFED .75 OZ YELLOW,BBRLIMP,35.22,,,,,
39,3546386,cs,8/1.5 LB,CHEESE PROVOLONE NON-SMOKED SLICED INT .75 OZ,BBRLIMP,40.34,,,,,
40,1101324,cs,2/5 LB,CHEESE RICOTTA IMPASTATA WHOLE MILK,AREZZIO,19.89,,,,,
41,3554569,cs,8/1.5 LB,CHEESE SWISS SLICED .75 OZ,BBRLIMP,40.91,,,,,
42,9008483,cs,6/5 LB,CHEESE MOZZARELLA LOW MOISTURE/WHOLE MILK SHREDDED,AREZIMP,66.76,,,,,
43,7148572,cs,6/3 LB,CHEESE RICOTTA,AIELLO,26.35,,,,,
44,6394215,cs,6/8 OZ,CHEESE MOZZARELLA FRESH BURRATA 4 OZ,BELGIO,20.29,,,,,
45,7623509,cs,4/5 LB,CHEESE WHEEL QUESO FRESCO,SUPREMO,75.47,,,,,
46,4776930,cs,1/15 DZ,EGG SHELL LARGE BROWN A CAGE FREE 15 DOZEN,EGGAMER,32.77,,,,,
47,2819718,cs,4/5LB,CHEESE CHEDDAR JACK FANCY SHREDDED,CASAIMP,49.46,,,,,
48,2819718,ea,1/5LB,CHEESE CHEDDAR JACK FANCY SHREDDED,CASAIMP,13.03,,,,,
49,4725259,cs,1/1.4GAL,ICE CREAM GELATO SLTD CARAMEL,GELFINO,30.96,,,,,
50,4866637,cs,9/64 OZ,BUTTERMILK BLEND BAKING LO-FAT,BORDEN,15.54,,,,,
51,1462100,cs,15/1 LB,EGG YOLK UNSUGARED LIQUID,WHLFCLS,24.42,,,,,
52,7010278,cs,4/5LB,CHEESE AMERICAN SLICE 184 SLICES,SCHRBER,42.33,,,,,
53,109452,cs,12/5.3 OZ,YOGURT PLAIN GREEK NONFAT,DANNON,12.72,,,,,
54,2366607,cs,15/2 LB,EGG WHOLE LIQUID FRESH WITH CITRIC ACID TFF,WHLFCLS,30.17,,,,,
55,2252538,cs,1/5 LTR,ICE CREAM GELATO SALTED CARAMEL,VILDLCE,26.99,,,,,
56,8847491,cs,1/25 LB,EGG HARDBOILED WHOLE PEELED SELECT,WHLFCLS,35.76,,,,,
57,4803144,cs,12/2 LB,EGG WHITE LIQUID WITH TRIETHYL CITRATE OPTIONAL CHOICE,WHLFCLS,24.02,,,,,
58,2252734,cs,1/5 LTR,SORBET RASPBERRY,VILDLCE,26.99,,,,,
59,2252207,cs,1/5 LTR,ICE CREAM GELATO COFFEE CHOCOLATE CHIP,VILDLCE,26.99,,,,,
60,9768342,cs,2/8 LB,CHEESE FETA PAIL,SYS IMP,41.52,,,,,
61,9768342,ea,1/8 LB,CHEESE FETA PAIL,SYS IMP,21.88,,,,,
62,4067126,cs,2/5 LB,CHEESE ROMANO PEC GRATED ITALY,AREZIMP,47.91,,,,,
63,2252692,cs,1/5 LTR,SORBET MANGO,VILDLCE,26.99,,,,,
64,4715100,cs,1/5LT,ICE CREAM GELATO PISTACIO TRAY,GELFINO,42,,,,,
65,6809638,cs,6/5 LB,CHEESE MOZZARELLA PIZZA SHREDDED WHOLE-MILK,AREZCLS,64.75,,,,,
66,6809638,ea,1/5 LB,CHEESE MOZZARELLA PIZZA SHREDDED WHOLE-MILK,AREZCLS,11.38,,,,,
67,3666106,cs,48/4 OZ,ICE CREAM VANILLA CUP,BLU BNY,14.02,,,,,
68,8149296,cs,4/5 LB,CHEESE CHIHUAHUA SHREDDED,SUPREMO,84.5,,,,,
69,1684398,cs,24/4.6 OZ,ICE CREAM CONE VANILLA CHAMP,BLU BNY,18.83,,,,,
70,1719806,cs,2/24 CT,ICE CREAM BAR HOMEMADE VANILLA,BLU BNY,16.89,,,,,
71,3554553,cs,8/1.5 LB,"CHEESE MONTEREY PEPPER JACK SLICED .75""",BBRLIMP,36.47,,,,,
72,5276617,cs,2/2 DZ,ICE CREAM ORANGE DREAM BAR,BLURBCL,14.9,,,,,
73,1666163,cs,48/3 OZ,POPSICLE ASSORTED TWIN POP,BLU BNY,11.22,,,,,
74,1844253,cs,2/12#AVG,CHEESE SWISS LOAF DOMESTIC,GR LAKE,,2.486,,,,
75,1844253,ea,1/12#AVG,CHEESE SWISS LOAF DOMESTIC,GR LAKE,,2.621,,,,
76,2822312,cs,1/10#AVG,CHEESE CHEDDAR SHARP PRINT WHITE,BBRLIMP,,2.574,,,,
77,3002017,cs,1/10#AVG,CHEESE CHEDDAR SHARP PRINT YELLOW,BBRLIMP,,2.593,,,,
78,4851074,cs,50/8 OZ,MILK WHOLE HALF PINT,BORDEN,15.68,,,,,
79,5595996,cs,1/2.5GAL,ICE CREAM CHOCOLATE BELGAIN CHOCOLATE,HAGNDAZ,45.2,,,,,
80,6355857,cs,18/8OZ,MILK CHOCOLATE REDUCED MILK ORGANIC,HORZON,20.59,,,,,
81,9726571,cs,1/6#AVG,CHEESE BLEU DANISH,GRN ISL,,4.491,,,,
82,4850867,cs,50/8 OZ,MILK CHOCOLATE 1% HP,BORDEN,15.06,,,,,
83,2382570,cs,1/10#AVG,CHEESE GOUDA WHEEL RED WAX,BBRLIMP,,3.93,,,,
84,2818777,cs,1/10LB,CHEESE MONTEREY JACK PRINT,BBRLIMP,28.63,,,,,
85,7013262,cs,2/6.6LB,CHEESE MANCHEGO DOP 6 MONTHS,GRANVLL,,8.818,,,,
86,2252458,cs,1/5 LTR,ICE CREAM GELATO PISTACHIO,VILDLCE,26.99,,,,,
87,2404218,cs,2/13 LB,HAM DELI PREMIUM LOW FAT,HORMEL,50.72,,,,,
88,1570936,cs,96/1 OZ,SAUSAGE PORK LINK RAW SAGE 1 OZ,HORMEL,,17.33,,,,
89,5757127,cs,6/2 LB,BACON BITS REAL COOKED .5 INCH THICK GAS FLUSHED,SYS CLS,79.92,,,,,
90,1880947,cs,80/2 OZ,SAUSAGE PORK LINK SILVER MEDAL,FARMLND,24.87,,,,,
91,1405877,cs,1/7-9#AV,HAM BUFFET BONELESS CURED 81,HORMEL,,3.415,,,,
92,4076170,cs,16/18-20Z,LAMB RACK NEW ZEALAND 3552 FRENCHED HALAL,NEWZLND,,13.906,,,,
93,566709,cs,4/5#AV,BEEF GROUND BULK 81%-19% CHUB,FIRECLS,,2.034,,,,
94,3989050,cs,32/8 OZ,BEEF STEAKBURGER THICK,CAB,46.52,,,,,
95,5812296,cs,2/6-9#AV,PORK LOIN BONELESS CENTER-CUT STRAP-OFF,BCH BLK,,1.915,,,,
96,7180656,cs,2/6-8#AV,SALAMI HARD STK A C,AREZIMP,,3.734,,,,
97,7180771,cs,2/4.5-5#,HAM CAPICOLA BUTT HOT,AREZIMP,,4.15,,,,
98,9725052,cs,2/2-3#AV,SALAMI ITALIAN DRY STICK,AREZZIO,,4.846,,,,
99,1567148,cs,48/2OZ,SAUSAGE PORK LINK RAW SAGE 2 OZ,HORMEL,,17.98,,,,
100,2967315,cs,2/14-16#,PORK BELLY CRYOVAC PACKED,SMTHFLD,,2.203,,,,
101,2431201,cs,2/5#,FRANK ALL-BEEF 8 PER # FROZEN,NATHANS,,0,,,,
102,7637499,cs,1/50#AVG,"VEAL BONE HIND SHANK APPROXIMATELY 4""",BCH RSV,,1.595,,,,
103,9525940,cs,1/10 LB,SAUSAGE ITALIAN SWEET ROPE,FONTANI,27.91,,,,,
104,319655,cs,1/13#AVG,BEEF STRIPLOIN 0X1,CABBHNP,,6.827,,,,
105,1730738,cs,1/10 LB,MEATBALL ITALIAN PRE-COOKED 1 OZ,FONTANI,34.15,,,,,
106,3922655,cs,1/15-19#,HAM SPIRAL SLICED SMOKED WHOLE NATURAL JUICE,BBRLIMP,,0,,,,
107,3892445,cs,5/2 LB,BACON CANADIAN SLICED 16 PER #,HORMEL,42.24,,,,,
108,7287758,cs,72/4 OZ,CORN DOG ALL MEAT HONEY BATTERED,SYS CLS,37.66,,,,,
109,2431098,cs,2/5#,"FRANK ALL-BEEF 5 PER # 6"" FROZEN",NATHANS,38.92,,,,,
110,7968300,cs,6/1#,HAM PROSCIUTTO SLICED,CITTERO,80.37,,,,,
111,373090,cs,2/10 LB,BACON LAYFLAT CENTER-CUT 13-17 PER # PECANWOOD SMOKED,HORMEL,95.73,,,,,
112,7181050,cs,3/3-3.5#,PANCETTA HALF ITALIAN STYLE BACON,AREZZIO,,6.772,,,,
113,2055168,cs,2/10 LB,BACON LAYFLAT CENTER CUT 9/13 APPLE GAS FLUSHED,HORMEL,86.92,,,,,
114,6502870,cs,4/3# AVG,BEEF PASTRAMI PLATE COOKED FRESH,NYSTNTL,,8.581,,,,
115,888968,cs,4/5#AVG,BEEF GROUND CHUCK BRISKET SHORT-RIB CHUBS,CABBHNP,,3.737,,,,
116,9597048,cs,2/5 LB,"FRANK ALL BEEF 4 PER # 6""",NAT DEL,34.72,,,,,
117,2387363,cs,6/2 LB,SALAMI GENOA SLICED .125 OZ,HORMEL,53.47,,,,,
118,8142101,cs,6/12#AVG,"BEEF STRIP LOIN 0X1 (TAIL TRIMMING) CHOICE .25""",CAB,,6.019,,,,
119,3486539,cs,12/1#AVG,BEEF CORNED HASH FROZEN,NUESKE,,4.65,,,,
120,1923267,cs,80/2Z,BEEF BURGER SLIDER WAGYU,PILOT,55.56,,,,,
121,3427499,cs,5/12#UP,BEEF STRIP LOIN PRIME 0X1 (TAIL TRIMMING),PACKER,,6.964,,,,
122,132991,cs,2/5 LB,MEATBALL ITALIAN BEEF & PORK PREMIUM .5 OZ,AREZIMP,30.05,,,,,
123,7557301,cs,1/15 LB,BACON LAYOUT APPLEWOOD 13-17 PER #,HORMEL,54.57,,,,,
124,1176134,cs,1/EA HVY,BEEF RIBEYE LIP-ON CHOICE,BHB/NPM,,10.112,,,,
125,8283325,cs,1/12#AVG,BEEF CHUCK FLAP TAIL,CABBHNP,,7.523,,,,
126,427611,cs,1/18#AVG,BEEF RIBEYE EXPORT,CABBHNP,,9.44,,,,
127,1631397,cs,4/2.5#AV,BEEF SKIRT OUTSIDE PEELED GRASSFED,STRAUSS,,9.929,,,,
128,8939355,cs,2/5 LB,MEATBALLS ITALIAN BEEF & PORK PREMIUM 1 OZ,AREZIMP,30.05,,,,,
129,808564,cs,1/12#AVG,BEEF FLANK STEAK,CABBHNP,,6.027,,,,
130,4226809,cs,3/10-13#,"BEEF STRIP BONELESS 0X1 (TAIL TRIMMING) .25"" CHOICE",BCH BLK,,5.596,,,,
131,2011468,cs,1/10 LB,MEATBALL ITALIAN PRE-COOKED WD SPANISH EXPORT LABEL,FONTANI,34.49,,,,,
132,2557361,cs,3/8-9#AV,SALAMI SOPPRESSATA MEAT,AREZZIO,,6.563,,,,
133,739060,cs,2/7-9#AV,BEEF TOP ROUND DELI FACED RARE,CAB,,5.496,,,,
134,6236115,cs,2/6#UP,BEEF TENDERLOIN PEELED SILVER SKIN-SIDE MUSCLE ON,CABBHNP,,12.676,,,,
135,9318544,cs,4/6# AVG,BACON SLAB APPLEWOOD OLD SMOKEHOUSE UNSLICED,HORMEL,,4.099,,,,
136,1129069,cs,24/8 OZ,BEEF GROUND CHUCK BRISKET SHORT RIB PATTY,CABBHNP,42.94,,,,,
137,1802505,cs,24/8 OZ,STEAK SKIRT INSIDE FLATTENED,CABBHNP,,9.913,,,,
138,3013406,cs,2/5 LB,SAUSAGE CHORIZO DRY,VIDALAT,35.09,,,,,
139,5235854,cs,24/8 OZ,STEAK FILET CENTER-CUT CHOICE,BHB/NPM,26.911,,,,,
140,5249745,cs,12/16 OZ,"STEAK STRIP CENTER-CUT 1"" TAIL CHOICE",BHB/NPM,,11.803,,,,
141,7180995,cs,1/10 LB,SAUSAGE KIELBASA ROPE,SYS CLS,33.47,,,,,
142,8866834,cs,1/50#AVG,BEEF BRISKET WHL URUGUAY,ALLE,,6.055,,,,
143,292886,cs,1/6# AVG,BEEF CORNED BRISKET COOKED,CAB,,6.468,,,,
144,7443922,cs,2/5.5#AV,VEAL RACK NAMP #306C FORMULA-FED CHOP READY 6-RIB,BCH RSV,,14.87,,,,
145,3933781,cs,6/6 OZ,SALAMI COOKED SAMPLER SIX FLAVOR (DEMAND STATUS),HERTPRK,,12.927,,,,
146,8969404,cs,1/30#AV,PORK RIB LOIN PEELED 1.75-2#,HORMEL,,3.088,,,,
147,4228862,cs,3/11#AVG,BEEF FLANK STEAK CHOICE 3 PACK 6 EACH,BCH BLK,,5.202,,,,
148,8266906,cs,10/16Z AV,VEAL RACK CHOP 1ST-3RD RIB CUT,BCH RSV,,16.984,,,,
149,8222309,cs,4/HEAVY,BEEF RIBEYE EXPORT BONE-IN CHOICE,CAB,,9.072,,,,
150,6471478,cs,2/5#AVG,LAMB GROUND AUSTRALIAN 5260 HALAL,PACKER,,4.288,,,,
151,1637784,cs,1/8#AVG,SALAMI GENOA DILUSSO,HORMEL,,5.424,,,,
152,3873377,cs,1/10 LB,MAHI MAHI PORTION BONELESS SKINLESS 5 TO 7 OUNCE,PORTCLS,65.2,,,,,
153,3352796,cs,2/2.5#AV,SALMON ATLANTIC FILLET SLICED SMOKED,PORTIMP,,13.273,,,,
154,5304706,cs,6/2 LB,CALAMARI RINGS & TENTACLES DIPPED & DUSTED,TAMP MD,89.19,,,,,
155,4041570,cs,12/1 LB,CRAB MEAT COLOSSAL LUMP PASTURIZED ASIA,CHICSEA,356.95,,,,,
156,4041570,ea,1/1 LB,CRAB MEAT COLOSSAL LUMP PASTURIZED ASIA,CHICSEA,31.39,,,,,
157,9161589,cs,1/10#AVG,SALMON ATLANTIC FILLET E SKINLESS 3-4# CHILEAN,PORTFSH,,8.212,,,,
158,774069,cs,4/2.5 LB,SHRIMP WHITE PEELED & DEVEINED RAW TAIL-ON U-15 (UNDER 15 PER POUND),PORTCLS,83.4,,,,,
159,7952468,cs,4/2.5 LB,SHRIMP WHITE PEELED & DEVEINED TAIL-OFF 31-40 PER #,PORTCLS,52.76,,,,,
160,5884226,cs,1/10#AVG,SEABASS FILLET PORTION SKINLESS BONELESS 6 OZ (DEMAND STATUS),PACKER,32.452,,,,,
161,3255942,cs,24/7 OZ,SEABASS FILLET CHILEAN PORTION FRESH (DEMAND STATUS),CSEAFD,32.452,,,,,
162,7990401,cs,100/.75 OZ,CRAB CAKE MINI,PHILFDS,74.8,,,,,
163,2184337,cs,1/10# AV,SALMON ATLANTIC FILLET SKIN-ON D TRIM 3-4#,PORTFSH,,6.703,,,,
164,3779806,cs,1/100 CT,CLAM MIDDLENECK FARM (DEMAND STATUS),CSEAFD,26.26,,,,,
165,3786110,cs,1/8-12#A,SEABASS FILLET BONELESS SKINLESS (DEMAND STATUS),CSEAFD,,27.204,,,,
166,3444783,cs,1/4.4 LB,SALAD SEAWEED  WAKAMI,PACKER,14.58,,,,,
167,4747493,cs,4/3 LB,SHRIMP BREADED POPCORN 110 TO 150 PER POUND,PORTCLS,47.55,,,,,
168,5001963,cs,1/10 LB,LOBSTER TAIL NORTH ATLANTIC PREMIUM 5-6 OUNCE,PORTSIM,228.12,,,,,
169,4819769,cs,10/1 LB,MUSSELS WHOLE BLUE VACUUM PACKED 23-29 PER # CHILE,PORTIMP,23.16,,,,,
170,8096687,cs,4/3LB,SHRIMP BREADED COCONUT BUTTERFLY 21-25,PORTCLS,68.7,,,,,
171,8714727,cs,4/4 LB,"CONCH FRITTER BATTERED ""KILLER CONCH""",NEPTUNE,94,,,,,
172,5017411,cs,2/5 LB,COD BATTERED PORTION PUB STYLE 2-4 OUNCE,PORTIMP,60.27,,,,,
173,5001957,cs,6/2 LB,LOBSTER MEAT CLAW KNUCKLE BRINE VACUUM PACK,PORTIMP,252.41,,,,,
174,2398428,cs,2/5 LB,SCALLOP INDIVIDUALLY QUICK FROZEN DRY 60-80 COUNT IMPORTED,PORTSIM,59.46,,,,,
175,1887197,cs,12/1 LB,CRAB MEAT JUMBO LUMP PASTURIZED,CHICSEA,356.21,,,,,
176,1887197,ea,1/1 LB,CRAB MEAT JUMBO LUMP PASTURIZED,CHICSEA,31.32,,,,,
177,3912326,cs,12/1 LB,CRAB MEAT SPECIAL PASTURIZED ASIA,CHICSEA,199.88,,,,,
178,3912326,ea,1/1 LB,CRAB MEAT SPECIAL PASTURIZED ASIA,CHICSEA,17.58,,,,,
179,4434235,cs,1/10 LB,TUNA YELLOWFIN SAKU 8-10 OUNCE INDONESIA,EMPRCHC,96.98,,,,,
180,6429534,cs,2/8-10#,TURKEY BREAST OIL BROWN IMPERIAL,BBRLIMP,,3.818,,,,
181,5365405,cs,2/5 LB,CHICKEN TENDERS BREADED,TYSON,33.82,,,,,
182,7792187,cs,4/10 LB,CHICKEN THIGH BONELESS SKINLESS CONTROLLED VACUUM PACKED,SYS CLS,60.29,,,,,
183,239873,cs,2/6-8#,TURKEY BREAST FRENCHED CUT READY-TO-COOK,SYS IMP,,2.86,,,,
184,7203474,cs,4/10 LB,CHICKEN BREAST RANDOM 10 OUNCE & UP CONTROLLED VACUUM PACKED,SYS CLS,43.13,,,,,
185,6344790,cs,4/10 LB,CHICKEN WINGS 1ST & 2ND JOINTS JUMBO CONTROLLED VACUUM PACKED,SYS CLS,86.77,,,,,
186,1857309,cs,2/20-24#,TURKEY TOM GRADE A WHOLE 20-24#,SYS CLS,,1.119,,,,
187,2436210,cs,4/5 LB,CHICKEN BREAST BONELESS-SKINLESS 6 OUNCE CONTROLLED VACUUM PACKED,SYS CLS,72.44,,,,,
188,2166429,cs,4/5 LB,CHICKEN BREAST BONELESS-SKINLESS 5 OUNCE CONTROLLED VACUUM PACKED,SYS CLS,69.65,,,,,
189,6556429,cs,32/7-8 OZ,DUCK BREAST BONELESS SKIN-ON 7-8 OZ,MAPLELF,,10.076,,,,
190,9462722,cs,20/3.25AV,CHICKEN CRYOVAC PACK WITHOUT GIBLETS WHOLE,PACKER,,0.922,,,,
191,1930080,cs,2/10 LB,CHICKEN CRYOVAC PACK BREAST BONELESS SKINLESS 7 OZ,PACKER,62.1,,,,,
192,2378271,cs,2/6-8#AV,TURKEY BREAST NATURAL BROWN PAN SKIN-ON,BBRLSUP,,3.98,,,,
193,7041957,cs,18/12 OZ,CHICKEN BREAST AIRLINE SKIN-ON 12 OZ,SYS IMP,,6.401,,,,
194,1624329,cs,36/4 OZ,CHICKEN BREAST CORDON BLEU ROYAL,SYS CLS,49.32,,,,,
195,4903581,cs,1/15 LB,CHICKEN 8 PIECE BREADED HONEY STING PRECOOKED,SYS CLS,45.06,,,,,
196,291833,cs,28/7 OZ,TURKEY BURGER ALL WHITE 7 OZ,PERDUE,36.68,,,,,
197,7041908,cs,24/8OZ AV,CHICKEN BREAST AIRLINE SKIN-ON 8 OZ,SYS IMP,,6.468,,,,
198,9713611,cs,1/9-11#,TURKEY BREAST NATURAL BROWN PAN,BBRLSUP,,4.323,,,,
199,3255015,cs,2/5 LB,CHICKEN TENDERS BREADED HOMESTYLE,OK FOOD,35.52,,,,,
200,7000203,cs,96/5.47OZ,CHICKEN THIGHS INDIVIDUALLY QUICK FROZEN BACK PORTION,SYS CLS,58.34,,,,,
201,9556481,cs,4/10 LB,CHICKEN WING 1ST & 2ND ND 5-8 CONTROLLED VACUUM PACKED,SYS CLS,88.17,,,,,
202,1803287,cs,4/10 LB,CHICKEN LEG QUARTER CONTROLLED VACUUM PACKED SMALL,SYS CLS,27.4,,,,,
203,2378590,cs,2/10LB,CHICKEN CRYOVAC PACK BREAST 6 OZ SUPREME TRIMMED,PACKER,66.88,,,,,
204,6359376,cs,4/10 LB,CHICKEN LEG QUARTER CONTROLLED VACUUM PACKED SMALL FROZEN,SYS CLS,25.91,,,,,
205,6947115,cs,6/480 CT,"TORTILLA CORN TRI CLEAR .25"" CUT",TAC MEX,25.37,,,,,
206,7108897,cs,6/5 LB,"POTATO FRY 3/8"" LONG PHANTOM",SYS IMP,37.09,,,,,
207,6986178,cs,1/100 CT,APPETIZER SPANAKOPITA,SYS IMP,51.53,,,,,
208,7726856,cs,6/12CT,"WRAP TORTILLA FLOUR WHITE 12""",TAC MEX,19.96,,,,,
209,2114203,cs,88/2 OZ,DANISH PASTRY ASSORTED MINI,BKRSIMP,40.32,,,,,
210,5407051,cs,6/5 LB,POTATO CHIP NATURAL FRY .125 INCH,LAMB,39.2,,,,,
211,3932811,cs,4/58CT,PETITE FOUR EMOTION (DROP SHIP),PATCHOX,136.43,,,,,
212,7931761,cs,1/192CT,TRUFFLE CHOCOLATE ASSORTED (DROP SHIP),LIFPROV,137.52,,,,,
213,6396634,cs,168/3.17OZ,DOUGH BISCUIT SOUTHERN EASY SPLIT,PILLSBY,46.97,,,,,
214,738007,cs,24/8IN,"PIZZA CHEESE SCRATCH READY 8""",VILAPRM,43.13,,,,,
215,6562207,cs,6/50 CT,"TORTILLA CORN WHITE 4.5""",MISSION,13.42,,,,,
216,8803262,cs,24/20CT,"TORTILLA FLOUR 4"" FRESH",TAC MEX,23.73,,,,,
217,2572436,cs,213/1.5 OZ,DOUGH COOKIE CHOCOLATE CHUNK,DAVIDS,49.24,,,,,
218,5051917,cs,2/6 LB,BROWNIE CHOCOLATE CHIP PRECUT,DAVIDS,35.21,,,,,
219,5960921,cs,48/4.4OZ,BREAD NAAN TANDOORI TEARDROP,STONEFI,33.84,,,,,
220,5221809,cs,48/3 OZ,CROISSANT BUTTER CURVED SLICED,BKRSIMP,48.32,,,,,
221,6946065,cs,2/47 OZ,PIE KEY LIME KILLER,MIKES,36.63,,,,,
222,3310109,cs,10/16 OZ,BREAD FOCACCIA QUARTER SHEET,LA BREA,34.39,,,,,
223,3591054,cs,96/1.5 OZ,ROLL DINNER ASSORTED PARBAKED,LA BREA,31.37,,,,,
224,8685364,cs,84/3.5OZ,DOUGH CROISSANT CHOCOLATE,BKRSIMP,73.53,,,,,
225,3540168,cs,213/1.5 OZ,DOUGH COOKIE SUGAR HOMESTYLE,HOPE'S,57.83,,,,,
226,7220676,cs,213/1.5 OZ,DOUGH COOKIE CHOCOLATE CHIP M&M,DAVIDS,47.99,,,,,
227,8017632,cs,72/2 OZ,DOUGH COOKIE RASPBERRY SHORTBREAD,JACQUEL,42.11,,,,,
228,1626605,cs,12/1 LB,GUACAMOLE SOUTHWESTERN HIGH PRESSURE PROCESSED FROZEN,CASAIMP,55.56,,,,,
229,1981513,cs,72/5 IN,"PIE SHELL RAW 5"" VEGETABLE",WICKS,43.72,,,,,
230,2476034,cs,213/1.5 OZ,DOUGH COOKIE OATMEAL RAISIN,DAVIDS,49.36,,,,,
231,6650543,cs,105/1.2 OZ,CHEESECAKE ASSORTED MINI ROYAL,SYS IMP,73.8,,,,,
232,142655,cs,6/33.8OZ,BEAN SPECIALITY HOT & SPICY,EXTRMBN,44.09,,,,,
233,6986475,cs,1/100 CT,APPETIZER VEGETABLE SPRINGROLL,SYS IMP,63.26,,,,,
234,7553571,cs,6/5 LB,"POTATO FRY 5/16"" LONG PHANTOM",SYS IMP,36.55,,,,,
235,6944334,cs,1/100CT,APPETIZER FRANKFURTER PUFF PASTRY,SYS IMP,35.22,,,,,
236,9263195,cs,6/2.5 LB,"ONION RING BEER BATTER 5/8""",SYS IMP,42.09,,,,,
237,2271658,cs,6/38 OZ,BREAD LOAF 9-GRAIN OPEN TOP,ROTELLA,30.01,,,,,
238,4780716,cs,6/28OZ,"BREAD TEXAS TOAST OPEN TOP .75"" SLICED",ROTELLA,26.71,,,,,
239,1086370,cs,6/49 OZ,"PIE APPLE HIGH PIE READY-TO-BAKE 10""",CHFPIER,37.17,,,,,
240,5751151,cs,48/3 OZ,CROISSANT BUTTER CURVED,BKRSIMP,45.24,,,,,
241,9792771,cs,6/43 OZ,"PIE PUMPKIN THAW & SERVE 10""",SYS CLS,32.24,,,,,
242,7220775,cs,213/1.5 OZ,DOUGH COOKIE CHOCOLATE CHIP,DAVIDS,48.47,,,,,
243,7152020,cs,6/2.5 LB,POTATO FRY SWEET WEDGE,MCCAIN,24.93,,,,,
244,2322683,cs,3/4 LB,PASTA TORTELLINI TRICOLOR 5-CHEESE PRECOOKED,JOSEPHS,53.6,,,,,
245,2330504,cs,2/3 LB,RAVIOLI WILD MUSHROOM,JOSEPHS,53.89,,,,,
246,566513,cs,70/1 OZ,COCONUT MACAROON,KINGPAS,8.18,,,,,
247,6920219,cs,1/100 CT,APPETIZER BEEF DELUXE WELLINGTON,SYS IMP,116.3,,,,,
248,758401,cs,24/4 IN,BUN HAMBURGER GLUTEN FREE INDIVIDUALLY WRAPPED,UDISHFD,25.97,,,,,
249,4333050,cs,20/1 LB,APPETIZER YUCCA FRIES PRECOOKED,TIO JRG,32.12,,,,,
250,1259530,cs,12/2.5 LB,PEA GREEN GRADE A PACKAGED,SYS CLS,35.06,,,,,
251,9190513,cs,144/2.25OZ,BISCUIT BUTTERMILK EASY SPLIT,BKRSIMP,32.35,,,,,
252,7242195,cs,2/24 CT,"PIZZA CRUST FLAT BREAD 5"" X 15""",FLATOUT,16.96,,,,,
253,1954043,cs,4/6LB,BANANA PLANTAIN FROZEN SWEET SLICED,BIG BAN,25.3,,,,,
254,3288857,cs,1/120 CT,DONUT MINI CIDER,CDRDONT,24.65,,,,,
255,3288869,cs,1/120 CT,DONUT MINI CHOCOLATE DOUBLE,CDRDONT,24.33,,,,,
256,2204667,cs,4/4 LB,APPETIZER PEPPER JALAPENO CHEDDAR CHEESE,SYS IMP,73.8,,,,,
257,8270631,cs,6/3LB,APPETIZER CHEESE MACARONI WEDGES BATTERED,SYS IMP,75.91,,,,,
258,9534736,cs,6/2.5 LB,"CHEESE STICK MOZZARELLA BATTERED 2.75""",SYS IMP,71.18,,,,,
259,8766297,cs,"2/10""",CHEESECAKE NEW YORK STYLE 12 CUT,MIKES,42.41,,,,,
260,2339042,cs,48/3.5OZ,VEGETARIAN PATTY GARDEN BURGER,MORNSTR,58.72,,,,,
261,1870385,cs,6/2 LB,APPETIZER CORN NUGGET SWEET,SYS IMP,30.31,,,,,
262,2204683,cs,4/4 LB,APPETIZER PEPPER JALAPENO CREAM CHEESE,SYS IMP,72.77,,,,,
263,2957181,cs,1/15 LB,APPETIZER EGGROLL SANTA FE CHICKEN,CASACLS,75.1,,,,,
264,9263252,cs,12/2 LB,"ONION RING BREADED GOURMET WIDE .75""",SYS IMP,65.32,,,,,
265,7220684,cs,213/1.5 OZ,DOUGH COOKIE WHITE CHIP MACADAMIA NUT,DAVIDS,54.53,,,,,
266,2496624,cs,12/12 CNT,"BUN HOT DOG WHITE 6"" HINGED",SYS CLS,29.95,,,,,
267,7560766,cs,140/2.1 OZ,PRETZEL STICK THAW & SERVING,EUROBKE,63.08,,,,,
268,7190382,cs,6/5 LB,"POTATO FRY STRAIGHT .375"" STEALTH SKIN-ON",LAMB,39.32,,,,,
269,1972033,cs,6/36 OZ,"PIE PECAN SOUTHERN 10"" THAW & SERVE",SYS CLS,40.13,,,,,
270,4808863,cs,10/24 CT,ROLL DINNER HAWAIIAN BAKED,KINGHAW,43.8,,,,,
271,7726516,cs,12/2LB,WONTON SKIN FOR SOUP,LUCKY,29.42,,,,,
272,4745139,cs,213/1.5 OZ,DOUGH COOKIE HEATH BAR CRUNCH,HOPE'S,73.71,,,,,
273,85722,cs,24/13.4OZ,BREAD BAGUETTE FRENCH PARBAKED,MAPLEAF,25.07,,,,,
274,2141760,cs,6/4.5 LB,"POTATO FRY SHOESTRING 1/4"" STEALTH",LAMB,36.33,,,,,
275,1857069,cs,8/6 CT,"ROLL HOAGIE BAKED 9""",AMOROSO,20.62,,,,,
276,6680474,cs,4/4LB,CHILI BEEF WITH OUT BEANS,VIENNA,53.02,,,,,
277,8186694,cs,4/10 CT,BUN KAISER EGG SLICED LARGE BAKED,ROTELLA,24.33,,,,,
278,2195982,cs,4/17 CT,"BUN BRIOCHE GOURMET 4.5""",EUROBKE,32.84,,,,,
279,3791209,cs,2/3 LB,PASTA RAVIOLI BUTTERNUT SQUARE PRECOOKED (DEMAND STATUS),JOSEPHS,45.5,,,,,
280,3979531,cs,30/10.5OZ,BREAD BAGUETTE FRENCH PARBAKED,LA BREA,53.14,,,,,
281,223489,cs,6/110 CT,TORTILLA CORN WHITE REAL,TAC MEX,20.31,,,,,
282,5622873,cs,120/2.25OZ,BISCUIT BUTTERMILK GOLDEN BAKED,PILLSBY,32.12,,,,,
283,2001402,cs,50/5 OZ,PRETZEL SOFT KING,BBRLCLS,26.98,,,,,
284,7060833,cs,2/10 IN,CAKE STRAWBERRY SHORTCAKE NO SUGAR,ANNIPIE,70.7,,,,,
285,1925767,cs,6/4 LB,"CHEESE STICK MOZZARELLA BREADED 3.25""",SYS IMP,111.55,,,,,
286,9281908,cs,"24/8""","PIZZA FOUR CHEESE 8""",VILAPRM,50.07,,,,,
287,7029014,cs,1/85 EA,PASTRY MINI CHOCOLATE ASSORTMENT,GNCH316,0,,,,,
288,7029030,cs,1/63 EA,PASTRY MINI FRUIT ASSORTMENT,GNCH316,81.06,,,,,
289,9108911,cs,1/6 LB,RAVIOLI LOBSTER PRECOOKED,JOSEPHS,99.6,,,,,
290,2527653,cs,2/5LB,CRANBERRY WHOLE INDIVIDUALLY QUICK FROZEN,SYS IMP,16.06,,,,,
291,9789934,cs,6/49OZ,"PIE APPLE OLD FASHIONED READY-TO-BAKE 10""",SYS IMP,38.18,,,,,
292,862850,cs,160/1.5OZ,BUN BRIOCHE SLIDER SLICED,EUROBKE,35.34,,,,,
293,7029020,cs,1/80 CT,PASTRY MINI EXOTIC ASSORTED,GNCH316,81.06,,,,,
294,7029023,cs,1/80 EA,PASTRY MINI AMERICAN ASSORTED,GNCH316,85.18,,,,,
295,9442138,cs,6/2.5 LB,SOYBEAN WHOLE EDAMAME SHELLED,SIMPLOT,29.63,,,,,
296,398604,cs,6/32 OZ,"BREAD WHITE LOAF SPLIT TOP .563""",BBRLCLS,22.03,,,,,
297,2500827,cs,8/32 OZ,"BREAD RYE CARAWAY DELI .625"" SLICE",BBRLCLS,32.28,,,,,
298,3968201,cs,6/36 OZ,BREAD CHALLAH LOAF SLICE 1 INCH,OPELLE,26,,,,,
299,9916750,cs,6/34 OZ,BREAD VIENNA WHEAT BERRY,ROTELLA,34.95,,,,,
300,6292148,cs,6/5 LB,POTATO FRY STEAK SKIN-ON EXTRA LONG RESEALABLE POUCH,SYS IMP,33.51,,,,,
301,8340895,cs,1/100 CT,APPETIZER SCALLOP BACON WRAPPED,HLDY FD,105.3,,,,,
302,2327666,cs,20/12 OZ,DOUGH PASTRY PUFF SHEET,PILLSBY,49.21,,,,,
303,937631,cs,"100/10""",CHURRO PREFRIED MEXICAN PASTRY,CASASOL,40.09,,,,,
304,6415715,cs,4/3 LB,RAVIOLI CHEESE THREE LARGE,JOSEPHS,45.13,,,,,
305,1009703,cs,4/36 CT,BAGEL MINI PLAIN SLICED,LENDERS,26.99,,,,,
306,137190,cs,2/EACH,CAKE CHOCOLATE MOUSSE NO SUGAR ADDED,ANNIPIE,68.5,,,,,
307,2515955,cs,160/2 OZ,DOUGH COOKIE CHOCOLATE CHIP M&M PREFORMED,DAVIDS,49.7,,,,,
308,3933710,cs,107/3 OZ,DOUGH COOKIE CHOCOLATE CHOCOLATE CHUNK,DAVIDS,49.63,,,,,
309,1912153,cs,1/100 CT,APPETIZER BRIE RASPBERRY EN CROUTE,HLDY FD,85.9,,,,,
310,1970793,cs,240/1.1 OZ,CROISSANT BUTTER MINI RAW,BRIDOR,66.61,,,,,
311,7025268,cs,1/48 CT,BAGEL ASSORTED SLICED 3.5 OUNCE,OPELLE,0,,,,,
312,3288877,cs,1/120 CT,DONUT MINI RED VELVET,CDRDONT,24.17,,,,,
313,7464339,cs,1/48 CT,BREAD BRIOCHE BURGER LARGE,TOM CAT,34.04,,,,,
314,513517,cs,1/60 CT,BREAD BUN PRETZEL BURGER,TOM CAT,44.3,,,,,
315,2204790,cs,4/4 LB,CHEESE STICK MOZZARELLA ITALIAN BREADED,SYS IMP,76.63,,,,,
316,7040539,cs,6/24 OZ,BREAD WHITE SOFT SANDWICH GLUTEN FREE,UDISHFD,44.42,,,,,
317,7475858,cs,80/4 OZ,ROLL PRETZEL BAVARIAN GOURMET 4 OUNCE,J&J SNK,52.71,,,,,
318,2496517,cs,20/12 OZ,"BREAD GARLIC LOAF 17 INCH,  SLICED",BKRSCLS,54.44,,,,,
319,676403,cs,2/54 OZ,"PIE MISSISSIPPI MUD 10"" 10-CUT",MIKES,45.01,,,,,
320,4129340,cs,4/5 LB,DIP SPINACH ARTICHOKE,SYS CLS,57.96,,,,,
321,1751213,cs,12/24 CT,POTATO PANCAKE 1.33 OZ,OLDFASH,61.41,,,,,
322,1880905,cs,12/3 LB,OKRA CUT INDIVIDUALLY QUICK FROZEN PACKAGED,SYS IMP,43.02,,,,,
323,5020233,cs,6/5 LB,POTATO TATER BARREL,SYS IMP,33.85,,,,,
324,7285638,cs,4/5 LB,POTATO SKIN BOAT 200 COUNT,SYS IMP,45.22,,,,,
325,1624640,cs,216/1.5 OZ,DOUGH COOKIE SUGAR,BKRSCLS,58.24,,,,,
326,7175391,cs,6/12CT,WRAP TORTILLA WHOLE WHEAT,ALLADN,19.86,,,,,
327,3845433,cs,6/16CT,ROLL HOT DOG FOOT LONG,PANDOSI,38.22,,,,,
328,1357847,cs,6/3 LB,BATTER MUFFIN BANANA NUT,PILLSBY,55.91,,,,,
329,1357854,cs,6/3 LB,BATTER MUFFIN BLUEBERRY,PILLSBY,55.95,,,,,
330,1430842,cs,6/3 LB,BATTER MUFFIN CRANBERRY ORANGE,PILLSBY,55.4,,,,,
331,1551795,cs,6/3 LB,BATTER MUFFIN CHOCOLATE CHOCOLATE CHIP,PILLSBY,63.66,,,,,
332,2579142,cs,18/8 CT,TURNOVER APPLE MINI 1.4 OZ,PEPFARM,51.04,,,,,
333,1617000,cs,12/12 OZ,CAKE POUND,BKRSIMP,33.51,,,,,
334,5049931,cs,2/71 OZ,DESSERT TIRAMISU,SYS SUP,85.87,,,,,
335,6838916,cs,120/1 OZ,APPETIZER POTSTICKER CHICKEN,JDMTCLS,48.71,,,,,
336,1458967,cs,6/3 LB,BATTER MUFFIN LEMON POPPYSEED,PILLSBY,56.59,,,,,
337,5221197,cs,72/2.0 OZ,CROISSANT BUTTER CURVED BAKED,BKRSIMP,54.73,,,,,
338,6849145,cs,72/2.4 OZ,PRETZEL BAVARIAN STICK,SUPRPTZ,30.26,,,,,
339,6919955,cs,1/100CT,APPETIZER BEEF EMPANADA,SYS IMP,66.78,,,,,
340,7626559,cs,40/7 OZ,PRETZEL SOFT BAKED KINGSIZE,SUPRPTZ,35.84,,,,,
341,6996029,cs,1/96 CT,BLINTZ CHEESE CREPE 3 OZ,SYS IMP,88.03,,,,,
342,4020529,cs,1/7.5LB,RUGELACH PASTRY RASP 7.5 LB,OPELLE,44.66,,,,,
343,4020537,cs,1/7.5LB,RUGELACH PASTRY CHOC 7.5 LB,OPELLE,44.66,,,,,
344,6199172,cs,2/16CUT,CAKE COFFEE BLUEBERRY WILD,GRANDPA,49.49,,,,,
345,6199196,cs,2/16CUT,CAKE COFFEE BANANA CHOCOLATE CHIP,GRANDPA,49.4,,,,,
346,7522810,cs,2/16CUT,CAKE COFFEE CINNAMON ORIGINAL,GRANDPA,38.58,,,,,
347,427692,cs,6/2.2 LB,PASTA GNOCCHI POTATO GOURMET,LAB TOR,47.66,,,,,
348,2463968,cs,10/32 OZ,"BREAD SOURDOUGH DELI .625"" SLICED",BBRLCLS,37.45,,,,,
349,4427779,cs,42/4 OZ,BREAD CIABATTA SANDWICH ARTISAN,BKRSIMP,32.35,,,,,
350,8852279,cs,10/24 OZ,BREAD RYE CHICAGO STYLE LOAF,BBRLCLS,30.42,,,,,
351,948661,cs,2/4 LB,CHEESECAKE PUMPKIN 12 CUT,MIKES,44.52,,,,,
352,3581984,cs,6/5 LB,VEGETABLE YUCCA,NATFARM,18.28,,,,,
353,7175367,cs,6/12CT,WRAP TORTILLA SPINACH,ALLADN,21.66,,,,,
354,8371870,cs,6/12CT,"WRAP TORTILLA TOMATO SUN-DRIED 12""",TAC MEX,20.33,,,,,
355,5458522,cs,24/4 OZ,BREAD BANANA SLICES,NAT DEL,29.79,,,,,
356,616084,cs,2/4LB,CAKE CHOCOLATE FLOURLESS GLUTEN FREE (DROP SHIP),TASTEIT,60.32,,,,,
357,1435221,cs,12/2.5 LB,CORN WHOLE KERNEL GRADE A PACKAGED,SYS CLS,32.63,,,,,
358,1971993,cs,8/24 OZ,BREAD WHITE HEARTY SLICED,BBRLCLS,26.91,,,,,
359,6328532,cs,210/1.5 OZ,DOUGH COOKIE KITCHEN SINK,JACQUEL,63.73,,,,,
360,7047236,cs,4/48 OZ,DESSERT BAR VARIETY #34,SWEETST,75.49,,,,,
361,2591491,cs,24/12 OZ,WATER BOTTLED PURIFIED,WANDRER,6.33,,,,,
362,4702973,cs,6/8.4 OZ,OIL TRUFFLE WHITE,ROLAND,119.3,,,,,
363,4702973,ea,1/8.4 OZ,OIL TRUFFLE WHITE,ROLAND,21.01,,,,,
364,6639553,cs,6/29 Z,SEASONING STEAK MONTREAL,IMP/MCC,0,,,,,
365,6639553,ea,1/29 Z,SEASONING STEAK MONTREAL,IMP/MCC,10.96,,,,,
366,7099484,cs,2/7.5 LB,SNACK MIX TRAIL MIX GOVERNOR SALT,AZAR,49.26,,,,,
367,7753946,cs,1/35#,SHORTENING FRY LIQUID,FRY MAX,33.98,,,,,
368,4482006,cs,1/5 LB,CRACKER CHEEZ-IT ORIGINAL,SUNSHIN,19.83,,,,,
369,9910936,cs,6/2 LB,SNACK MIX HOT CREOLE & NUT,BBRLCLS,37.39,,,,,
370,3255767,cs,2/1 GAL,MUSTARD DIJON,GREY P,62.67,,,,,
371,4973657,cs,6/88 OZ,ARTICHOKE HEARTS 30-40 COUNT IMPORTED,ROLAND,82.25,,,,,
372,5434642,cs,6/#10,TOMATO PLUM WHOLE PEELED JUICE,ALTACUC,25.88,,,,,
373,6856983,cs,12/1 LTR,MIX COCKTAIL GRENADINE,ROSES,43.51,,,,,
374,7468507,cs,24/20 OZ,DRINK LEMON-LIME WIDE-MOUTH PLASTIC BOTTLE,GATRADE,17.23,,,,,
375,7468515,cs,24/20 OZ,DRINK FRUIT PUNCH WIDE-MOUTH PLASTIC BOTTLE,GATRADE,17.44,,,,,
376,7468531,cs,24/20 OZ,DRINK RASPBERRY COOL BLUE WIDE-MOUTH,GATRADE,17.44,,,,,
377,7468556,cs,24/20 OZ,DRINK ORANGE WIDE-MOUTH PLASTIC BOTTLE,GATRADE,17.44,,,,,
378,2367904,cs,12/24 OZ,SUGAR IN THE RAW TURBINADO,ORGNRAW,39.1,,,,,
379,4897641,cs,6/.5 GAL,SAUCE SOY LIGHT,KIKOMAN,37.37,,,,,
380,4897641,ea,1/.5 GAL,SAUCE SOY LIGHT,KIKOMAN,6.58,,,,,
381,5168521,cs,4/1.25LB,CRACKER FLATBREAD EVERY TOPPING,NEWYORK,16.17,,,,,
382,5455910,cs,72/1 OZ,PRESERVE STRAWBERRY PC JAR,DICKNSN,30.82,,,,,
383,5480538,cs,72/1.1 OZ,HONEY PURE CLOVER JAR,DICKNSN,40.34,,,,,
384,5535687,cs,6/32 OZ,CAPERS NONPAREIL IMPORTED,INTLIMP,41.08,,,,,
385,5535687,ea,1/32 OZ,CAPERS NONPAREIL IMPORTED,INTLIMP,7.23,,,,,
386,6305346,cs,12/3 LB,SALT KOSHER FLAKE COARSE,DIACRYS,22.93,,,,,
387,4200036,cs,60/TRAYS,CRACKER ASSORTED DISTINCTIVE HERITAGE,PEPFARM,45.32,,,,,
388,6296430,cs,4/6.6LB,CANDY GUMMY BEARS MINI,NASSAU,61.99,,,,,
389,6400051,cs,4/2.5LB,COOKIE CRUMB OREO MEDIUM CRUNCH,NABISCO,39.54,,,,,
390,7399534,cs,6/42 OZ,CANDY M&M'S PLAIN,M&M,54.73,,,,,
391,4862777,cs,2/10 LB,PASTA SHELL SMALL,LABELLA,27.74,,,,,
392,4064978,cs,4/9 LB,MUSTARD DIJON WITH WHITE WINE IN TIN,INTLIMP,61.94,,,,,
393,4064978,ea,1/9 LB,MUSTARD DIJON WITH WHITE WINE IN TIN,INTLIMP,16.36,,,,,
394,5490297,cs,8/60 OZ,JUICE APPLE UNSWEETENED FANCY,OCNSPRY,21.68,,,,,
395,5623285,cs,150/.5 OZ,CRACKER OYSTER,WSTMNST,15.45,,,,,
396,5855739,cs,1/5 LB,CRACKER FLATBREAD SUPREME,SYS IMP,19.3,,,,,
397,4625653,cs,12/12 OZ,MUSTARD BROWN SPICY BOTTLES,GULDEN,18.25,,,,,
398,5491675,cs,1/20 LB,BEAN BLACK TURTLE DRIED WASH,SYS IMP,19.82,,,,,
399,6586721,cs,1/60 CT,CHIP VARIETY SYSCO/FRITO LAY,LAYS,24.94,,,,,
400,9806423,cs,6/13 OZ,SPICE PEPPER RED CRUSHED,IMP/MCC,0,,,,,
401,9806423,ea,1/13 OZ,SPICE PEPPER RED CRUSHED,IMP/MCC,8.92,,,,,
402,4018404,cs,12/16 OZ,MUSTARD DRY,COLMANS,101.36,,,,,
403,4018404,ea,1/16 OZ,MUSTARD DRY,COLMANS,8.92,,,,,
404,6929897,cs,24/20 OZ,SODA SPRITE PET PLASTIC BOTTLE PROPRIETARY DIMPLE,SPRITE,28.8,,,,,
405,4782694,cs,1/50 LB,SUGAR GRANULATED EXTRA-FINE CANE,SYS CLS,28.15,,,,,
406,4943296,cs,1/25LB,BREAD CRUMB JAPANESE PANKO TOASTED,KIKOMAN,19.2,,,,,
407,5388798,cs,8/60OZ,JUICE CRANBERRY COCKTAIL,OCNSPRY,20.37,,,,,
408,8378111,cs,1/50 LB,FLOUR ALL PURPOSE HOTEL & RESTAURANT BLEACHED ENRICHED MALTED,SYS CLS,13.64,,,,,
409,5604210,cs,3/2 LB,NUT MIXED ULTRA MIX,SYS SUP,79.43,,,,,
410,5331368,cs,24/14 OZ,MILK COCONUT UNSWEETENED,ROLAND,34.12,,,,,
411,5364559,cs,1/25 LB,RICE BASMATI WHITE,PRODUCR,29.5,,,,,
412,4107520,cs,6/#10,CORN WHOLE KERNEL GOLDEN FANCY,SYS CLS,30.53,,,,,
413,4119061,cs,6/1 GAL,OIL VEGETABLE PURE,SYS CLS,37.04,,,,,
414,7872328,cs,4/1 GAL,DRESSING BALSAMIC VINAIGRETTE,KENS,41.78,,,,,
415,2047805,cs,12/8 CT,CRACKER CHEESE PEANUT BUTTER,MUNCHES,19.89,,,,,
416,3344793,cs,60/2 OZ,COOKIE CHOCOLATE CHIP BITE SIZE,FM AMOS,23.6,,,,,
417,4000899,cs,2000/1/10OZ,SUGAR PACKET,SYS CLS,12.75,,,,,
418,5807185,cs,12/25FL Z,SAUCE CHILI SWEET THAI,MAEPLOY,40.82,,,,,
419,1353483,cs,6/12 OZ,PASTA FUSILLI GLUTEN FREE,HRTLND,13.57,,,,,
420,2368969,cs,12/16 OZ,PASTA CAMPANELLE,BARILLA,18.97,,,,,
421,5016456,cs,20/1 LB,"PASTA LINGUINE 10""",LABELLA,16,,,,,
422,5097738,cs,12/28 OZ,ANCHOVY FILET IN OLIVE OIL,ROLAND,154.5,,,,,
423,5097738,ea,1/28 OZ,ANCHOVY FILET IN OLIVE OIL,ROLAND,13.6,,,,,
424,9689688,cs,1/25 LB,RICE JASMINE,JDMTCLS,27.28,,,,,
425,3369388,cs,4/1 GAL,SAUCE BBQ ORIGINAL,SWTBABY,43.75,,,,,
426,6819155,cs,12/1 LTR,JUICE LIME AND COCKTAIL MIX,ROSES,49.99,,,,,
427,5835376,cs,3/2 LB,NUT MACADAMIA DRY ROASTED UNSALTED,SYS IMP,105.09,,,,,
428,6814594,cs,6/14 OZ,NUT ALMOND BLANCHED SLICED,SYS CLS,41.24,,,,,
429,1917622,cs,1/72CT,SUGAR STICK WHITE SWIZZLE,DRYDEN,22.05,,,,,
430,4040895,cs,6/1 GAL,VINEGAR WHITE DSTD 5%,HEINZ,18.72,,,,,
431,4040895,ea,1/1 GAL,VINEGAR WHITE DSTD 5%,HEINZ,3.3,,,,,
432,4086161,cs,5/5 KILO,CHOCOLATE WHITE CONFECTION #W11 NATURAL VANILLA,CALLEBT,219.7,,,,,
433,4086161,ea,1/5 KILO,CHOCOLATE WHITE CONFECTION #W11 NATURAL VANILLA,CALLEBT,46.42,,,,,
434,5846902,cs,2/10 KG,CHOCOLATE #811 BITTERSWEET DISCS,CALLEBT,147.35,,,,,
435,5846902,ea,1/10 KG,CHOCOLATE #811 BITTERSWEET DISCS,CALLEBT,77.84,,,,,
436,1286319,cs,6/#10,OLIVE RIPE SLICED,AREZCLS,43.23,,,,,
437,1286319,ea,1/#10,OLIVE RIPE SLICED,AREZCLS,7.61,,,,,
438,5102009,cs,6/5 LB,BATTER MIX TEMPURA,KIKOMAN,26.84,,,,,
439,6160063,cs,12/16 OZ,SPICE WASABI POWDER,ROLAND,101.22,,,,,
440,6160063,ea,1/16 OZ,SPICE WASABI POWDER,ROLAND,8.91,,,,,
441,2182063,cs,6/# 10,PEACH SLICED CHOICE EXTRA IN LIGHT SYRUP,SYS CLS,43.38,,,,,
442,389365,cs,6/#10,SAUCE CHEESE CHEDDAR AGED ZERO TRANS FAT,SYS REL,46.77,,,,,
443,5823083,cs,8/60 OZ,JUICE GRAPEFRUIT RUBY RED,OCNSPRY,20.59,,,,,
444,5914908,cs,3/2 LB,SPICE PEPPER BLACK POUCH SHAKER GROUND,IMP/MCC,80.75,,,,,
445,5914908,ea,1/2 LB,SPICE PEPPER BLACK POUCH SHAKER GROUND,IMP/MCC,28.44,,,,,
446,6929863,cs,24/20 OZ,SODA COKE CLASSIC CONTOUR TRAY PACK,COCACOL,28.8,,,,,
447,9806498,cs,6/20 OZ,SPICE CHILI POWDER DARK,IMP/MCC,0,,,,,
448,9806498,ea,1/20 OZ,SPICE CHILI POWDER DARK,IMP/MCC,10.76,,,,,
449,4038360,cs,12/1 LB,MINOR'S CHICKEN BASE NO MSG 12X1 LB (HAS GLUTEN),MINOR,85.14,,,,,
450,4296653,cs,6/1 GAL,VINEGAR APPLE CIDER,HEINZ,23.07,,,,,
451,4296653,ea,1/1 GAL,VINEGAR APPLE CIDER,HEINZ,4.06,,,,,
452,4461513,cs,6/5 KILO,MUSTARD DIJON WHOLE GRAIN TIN,ROLAND,93.14,,,,,
453,4461513,ea,1/5 KILO,MUSTARD DIJON WHOLE GRAIN TIN,ROLAND,16.4,,,,,
454,4645388,cs,3/2 LB,WALNUT HALVES & PIECES,SYS CLS,56.3,,,,,
455,4889291,cs,1/5 LB,PECAN PIECES FANCY MEDIUM RAW,SYS CLS,61.3,,,,,
456,4069076,cs,4/1 GAL,MAYONNAISE REAL,HELLMAN,60.14,,,,,
457,6172118,cs,6/7LB2OZ,KETCHUP FANCY JUG,HEINZ,33.34,,,,,
458,6929905,cs,24/20 OZ,SODA COKE DIET CLASSIC CONTOUR TRAY PLASTIC,COCACOL,28.8,,,,,
459,4019097,cs,12/46 OZ,JUICE PINEAPPLE NOT FROM CONCENTRATE 100% UNSWEETENED,DOLE,22.25,,,,,
460,5228747,cs,6/1 LB,SPICE CURRY POWDER,IMP/MCC,0,,,,,
461,5228747,ea,1/1 LB,SPICE CURRY POWDER,IMP/MCC,11.24,,,,,
462,2122333,cs,24/12 OZ,SODA GINGER ALE 4 EACH 6-PACKS,SEAGRAM,13.01,,,,,
463,4410775,cs,24/12 OZ,SODA CLUB,SEAGRAM,13.04,,,,,
464,4946489,cs,24/5.5 OZ,JUICE CLAMATO,MOTTS,14.57,,,,,
465,5593702,cs,12/2 LB,SUGAR BROWN LIGHT CANE,SYS CLS,24.57,,,,,
466,8969822,cs,1/5LB,NUT PECANS GLAZED HALVES & PIECES,CHFXPRS,45.33,,,,,
467,4121950,cs,48/6 OZ,JUICE PINEAPPLE NOT FROM CONCENTRATE 100%,DOLE,17.81,,,,,
468,4788808,cs,4/.75GAL,FILLING PIE APPLE,BKRSCLS,52.19,,,,,
469,4788808,ea,1/.75GAL,FILLING PIE APPLE,BKRSCLS,13.79,,,,,
470,5152483,cs,6/66.5OZ,TUNA WHITE CHUNK IN WATER,CHICSEA,114.48,,,,,
471,2391670,cs,3/2 LB,NUT CASHEW ROASTED UNSALTED,SYS IMP,81.85,,,,,
472,4522264,cs,5/2 LB,COCONUT SHREDDED FANCY,BKRSCLS,19.44,,,,,
473,6094171,cs,6/24 CT,TEA BAG GREEN ZEN,TAZO,20.78,,,,,
474,6094189,cs,6/24 CT,TEA BAG CHAMOMILE BLEND CALM,TAZO,21.26,,,,,
475,6094197,cs,6/24 CT,TEA BAG EARL GREY,TAZO,20.84,,,,,
476,1495449,cs,1/50CT,SEAWEED NORI GREEN,PACKER,20.09,,,,,
477,1649169,cs,4/10 CT,SEAWEED NORI KOMI FURIKAKE,MISHIMA,0,,,,,
478,1649169,ea,1/10 CT,SEAWEED NORI KOMI FURIKAKE,MISHIMA,45.96,,,,,
479,7996101,cs,1/50 LB,RICE CALROSE MEDIUM GREEN SUSHI,ROLAND,73.13,,,,,
480,9312596,cs,24/14 OZ,MILK CONDENSED SWEETENED,CASACLS,42.51,,,,,
481,4429821,cs,6/70 OZ,SALSA CHUNKY RESTAURANT STYLE,CASACLS,49.27,,,,,
482,3347747,cs,12/15 OZ,SAUCE RASPBERRY DESIGNER,LYON M,27.17,,,,,
483,4246336,cs,12/7.05OZ,CRACKER ASSORTMENT FOR CHEESE,CARRS,47.04,,,,,
484,3463423,cs,1/5 LB,PECAN PIECES LARGE CANDIED,FSHRNUT,64.42,,,,,
485,6638878,cs,6/19.50Z,SPICE PEPPER BLACK WHOLE,IMP/MCC,0,,,,,
486,6638878,ea,1/19.50Z,SPICE PEPPER BLACK WHOLE,IMP/MCC,16.52,,,,,
487,5220611,cs,4/1 GAL,VINEGAR WINE SEASONED RICE,ROLAND,34.8,,,,,
488,5220611,ea,1/1 GAL,VINEGAR WINE SEASONED RICE,ROLAND,9.19,,,,,
489,7220888,cs,2/5 LB,GRAIN SPECIALTY QUINOA RED AND,ROLAND,52.33,,,,,
490,3966009,cs,1/16 OZ,SPICE PEPPER BLACK 1/2 CRACKED (DROP SHIP),D'ALLAS,27.67,,,,,
491,4008116,cs,1/10 LB,CRACKER GRAHAM HONEY,KEEBLER,31.48,,,,,
492,3069853,cs,12/1 LTR,WATER SPARKLING IMPORTED MINERAL GLASS BOTTLE,SAN PEL,17.63,,,,,
493,4363453,cs,4/24 OZ,SEASONING BLACKENED REDFISH,MAGIC,34.43,,,,,
494,4363453,ea,1/24 OZ,SEASONING BLACKENED REDFISH,MAGIC,9.09,,,,,
495,5083944,cs,6/.5GAL,CHERRY MARASCHINO WITH STEMS LARGE IN PLASTIC JAR,SYS IMP,66.36,,,,,
496,5083944,ea,1/.5GAL,CHERRY MARASCHINO WITH STEMS LARGE IN PLASTIC JAR,SYS IMP,11.69,,,,,
497,5564810,cs,24/12 OZ,SODA TONIC WATER CAN,CAN DRY,0,,,,,
498,8147920,cs,24/12 OZ,SODA COKE DIET CANS 4 EACH 6-PACKS PACK,COCACOL,13.01,,,,,
499,1800905,cs,24/6 CT,CANDY BAR SNICKERS 2.07 OZ,SNICKER,96.7,,,,,
500,1800905,ea,1/6 CT,CANDY BAR SNICKERS 2.07 OZ,SNICKER,4.26,,,,,
501,128314,cs,12/13.75Z,ARTICHOKE HEARTS 5-7 COUNT,ROLAND,0,,,,,
502,5097761,cs,12/28 OZ,PALM HEART WHOLE IMPORTED,ROLAND,84.21,,,,,
503,5522487,cs,20/1  LB,PASTA ZITI,LABELLA,19.3,,,,,
504,7620281,cs,16/14 OZ,KETCHUP SQUEEZE UPSIDE DOWN RED,HEINZ,25.94,,,,,
505,3502721,cs,4/1.13GL,SAUCE SOY SWEET,BAILBST,94.8,,,,,
506,4201848,cs,4/6 LB,SPRINKLE RAINBOW 6 COLOR,AMERSPR,58.17,,,,,
507,4201848,ea,1/6 LB,SPRINKLE RAINBOW 6 COLOR,AMERSPR,15.37,,,,,
508,4646533,cs,1/10 LB,PASTA PENNE CHICKPEA GLUTEN FREE,BANZA,29.07,,,,,
509,5625389,cs,6/12.90Z,GLAZE BALSAMIC,ROLAND,40.21,,,,,
510,7967946,cs,2/10 LB,PASTA PENNE RIGATE,BARILLA,20.31,,,,,
511,9806456,cs,6/41.25Z,SPICE GARLIC SALT,IMP/MCC,0,,,,,
512,9806456,ea,1/41.25Z,SPICE GARLIC SALT,IMP/MCC,9.54,,,,,
513,9869330,cs,4/8LB,HORSERADISH WHITE PREPARED,SYS CLS,53.33,,,,,
514,9869330,ea,1/8LB,HORSERADISH WHITE PREPARED,SYS CLS,14.09,,,,,
515,3420587,cs,12/11.5OZ,MAYONNAISE SQUEEZE BOTTLE,HELLMAN,31.51,,,,,
516,3895497,cs,1/6 OZ,SPICE ANISE STAR,D'ALLAS,7.8,,,,,
517,4736070,cs,12/12 OZ,MUSTARD YELLOW CLASSIC SQUEEZE BOTTLE,FRENCHS,15.97,,,,,
518,4009189,cs,6/5 LB,PEANUT BUTTER CREAMY,SYS CLS,63.64,,,,,
519,4009189,ea,1/5 LB,PEANUT BUTTER CREAMY,SYS CLS,11.21,,,,,
520,3292804,cs,6/14 OZ,PAN COATING SUNFLOWER NON GMO,SUSTAIN,34.28,,,,,
521,3341443,cs,12/16 OZ,SAUCE CHOCOLATE DESIGNER,LYON M,26.3,,,,,
522,4361432,cs,6/5 LB,HONEY PURE CLOVER GRADE A IN JUG,SYS CLS,91.94,,,,,
523,4361432,ea,1/5 LB,HONEY PURE CLOVER GRADE A IN JUG,SYS CLS,16.19,,,,,
524,225254,cs,500/27 GM,KETCHUP CUP DIP & SQUEEZE,HEINZ,56.45,,,,,
525,9153982,cs,4/1 GAL,SAUCE SOY GLUTEN FREE,JDMTCLS,36.65,,,,,
526,9153982,ea,1/1 GAL,SAUCE SOY GLUTEN FREE,JDMTCLS,9.68,,,,,
527,4096954,cs,1/20 LB,BEAN LENTIL DRIED,SYS CLS,0,,,,,
528,5310263,cs,20/1 LB,PASTA ANGEL HAIR,BARILLA,27.68,,,,,
529,5846714,cs,3/1GAL,OIL OLIVE EXTRA VIRGIN R,AREZIMP,77.13,,,,,
530,5846714,ea,1/1GAL,OIL OLIVE EXTRA VIRGIN R,AREZIMP,27.16,,,,,
531,2451417,cs,12/28 OZ,SAUCE CHILI HOT SRIRACHA,HUYFONG,34.36,,,,,
532,5757091,cs,12/7 OZ,PEPPER CHIPOTLE ADOBO SAUCE,EMBASSA,19.95,,,,,
533,7012984,cs,2/72CT,COOKIE MINI MACAROON (DROP SHIP),PASQUIR,71.33,,,,,
534,4537971,cs,4/1 GAL,DRESSING 1000 ISLAND CHEF STYLE,SYS CLS,37.23,,,,,
535,4537971,ea,1/1 GAL,DRESSING 1000 ISLAND CHEF STYLE,SYS CLS,9.83,,,,,
536,7187042,cs,6/32 OZ,TOMATO ROASTED OVEN (DROP SHIP),ROLAND,69.48,,,,,
537,4280343,cs,24/12 OZ,TOMATO PASTE FANCY CALIFORNIA,HUNTS,33.56,,,,,
538,4537540,cs,4/1 GAL,DRESSING BLUE CHEESE POURABLE,SYS CLS,49.87,,,,,
539,4537540,ea,1/1 GAL,DRESSING BLUE CHEESE POURABLE,SYS CLS,13.17,,,,,
540,79634,cs,6/#10,BEAN BLACK LOW SODIUM,BUSH,23.24,,,,,
541,5099155,cs,12/32 OZ,COCKTAIL MIXER SOUR BAR BOTTLE,OCNSPRY,23.41,,,,,
542,6261887,cs,12/28 OZ,ANCHOVY FILLETS IN SUNFLOWER OIL,CONSUL,178.81,,,,,
543,6261887,ea,1/28 OZ,ANCHOVY FILLETS IN SUNFLOWER OIL,CONSUL,15.74,,,,,
544,1317908,cs,1/2 GAL,SAUERKRAUT SHREDDED FANCY,BBRLCLS,16.7,,,,,
545,4096368,cs,4/1 GAL,SAUCE TARTAR HIDDEN COVE,SYS IMP,40.73,,,,,
546,4096368,ea,1/1 GAL,SAUCE TARTAR HIDDEN COVE,SYS IMP,10.76,,,,,
547,5229174,cs,6/18 OZ,SPICE PAPRIKA GROUND MIDDLE EAST EXPORT LABEL,IMP/MCC,0,,,,,
548,5229174,ea,1/18 OZ,SPICE PAPRIKA GROUND MIDDLE EAST EXPORT LABEL,IMP/MCC,8.99,,,,,
549,6332845,cs,6/1 GAL,OIL OLIVE CANOLA EVOO 75/25,AREZCLS,55.97,,,,,
550,7220900,cs,2/5 LB,GRAIN SPECIALTY QUINOA PRE-WASHED,ROLAND,48.55,,,,,
551,3839776,cs,24/15 OZ,PEA PIGEON GREEN (GANDULES),GOYA,32.46,,,,,
552,5158502,cs,3/8 OZ.,SPICE BAY LEAVES WHOLE,IMP/MCC,0,,,,,
553,5158502,ea,1/8 OZ.,SPICE BAY LEAVES WHOLE,IMP/MCC,16.3,,,,,
554,5429766,cs,4/4.4 LB,OLIVE KALAMATA PITTED PLASTIC KEG,SYS IMP,76.93,,,,,
555,5429766,ea,1/4.4 LB,OLIVE KALAMATA PITTED PLASTIC KEG,SYS IMP,20.32,,,,,
556,7410467,cs,4/140 OZ,SAUCE CHEESE CHEDDAR SHARP,GEHL,42.86,,,,,
557,4689212,cs,12/13 OZ,ANCHOVY FILLET EASY OPEN TIN IN OLIVE OIL,AREZCLS,100,,,,,
558,4689212,ea,1/13 OZ,ANCHOVY FILLET EASY OPEN TIN IN OLIVE OIL,AREZCLS,8.8,,,,,
559,5016670,cs,20/1 LB,PASTA SPAGHETTI 1.8 MM,LABELLA,16.22,,,,,
560,7896659,cs,24/14 OZ,SAUCE CRANBERRY JELLIED,SYS IMP,31.96,,,,,
561,4042479,cs,4/1 GAL,VINEGAR RED WINE,REGINA,31.83,,,,,
562,4042479,ea,1/1 GAL,VINEGAR RED WINE,REGINA,8.41,,,,,
563,3304193,cs,12/8.8OZ,PASTA PAPPARDELLE EGG,DECECCO,24.22,,,,,
564,4274684,cs,144/1/8OZ,SAUCE TABASCO HOT BOTTLE MINI,TABASCO,59.98,,,,,
565,4276251,cs,4/6 LB,SPRINKLE CHOCOLATE,AMERSPR,64.17,,,,,
566,4276251,ea,1/6 LB,SPRINKLE CHOCOLATE,AMERSPR,16.95,,,,,
567,5102736,cs,12/5 OZ,SAUCE TABASCO HOT,TABASCO,36.28,,,,,
568,5522479,cs,20/1 LB,PASTA PENNE RIGATE,LABELLA,21.55,,,,,
569,4537524,cs,4/1 GAL,DRESSING BLUE CHEESE CHUNKY PREMADE,SYS CLS,53.06,,,,,
570,4537524,ea,1/1 GAL,DRESSING BLUE CHEESE CHUNKY PREMADE,SYS CLS,14.02,,,,,
571,5889738,cs,1/5 LB,TOMATO SUNDRIED JULIENNE,AREZIMP,32.35,,,,,
572,8426330,cs,4/1 GAL,PEPPER JALAPENO SLICES,CASACLS,32.42,,,,,
573,8426330,ea,1/1 GAL,PEPPER JALAPENO SLICES,CASACLS,8.56,,,,,
574,5228713,cs,6/14 OZ,SPICE CUMIN GROUND,IMP/MCC,0,,,,,
575,5228713,ea,1/14 OZ,SPICE CUMIN GROUND,IMP/MCC,10.54,,,,,
576,5016464,cs,20/1 LB,"PASTA FETTUCCINE 10""",LABELLA,18.9,,,,,
577,4007522,cs,12/10OZ,SAUCE STEAK GLASS,A.1.,46.47,,,,,
578,818047,cs,1/25 LB,RICE JASMINE THAI PREMIUM GRADE,JDMTIMP,23.87,,,,,
579,2164125,cs,12/3.5OZ,CRACKER CRISP BREAD GOJI PISTOLES (DROP SHIP),KIINTRL,55.54,,,,,
580,7015055,cs,12/5.3OZ,CRACKER CRISP MINI DATE ALMND (DROP SHIP),KIINTRL,59.51,,,,,
581,7015056,cs,12/5.3OZ,CRACKER CRISP MINI RAISIN PECAN (DROP SHIP),KIINTRL,59.51,,,,,
582,7015057,cs,12/5.3OZ,CRACKER CRISP MINI CRAN HAZLNT (DROP SHIP),KIINTRL,59.51,,,,,
583,7764707,cs,6/#10,MILK COCONUT UNSWEETENED,ROLAND,63.44,,,,,
584,5371299,cs,6/48 OZ,MUSTARD DIJON,GREY P,67.59,,,,,
585,7838818,cs,6/18OZ,CHIP PITA SIMPLY NAKED,STACYS,24.61,,,,,
586,966473,cs,12/12 OZ,STARCH POTATO (DROP SHIP),SWAN,22.49,,,,,
587,5228671,cs,6/14 OZ,SPICE CORIANDER GROUND,IMP/MCC,0,,,,,
588,5228671,ea,1/14 OZ,SPICE CORIANDER GROUND,IMP/MCC,9.25,,,,,
589,7048836,cs,4/105 OZ,MUSTARD YELLOW,FRENCHS,17.61,,,,,
590,1686601,cs,12/24 OZ,SAUCE FISH 3 CRABS,GLDCTRY,0,,,,,
591,4080966,cs,12/1 LB,MARSHMALLOW MINI WHITE,SYS CLS,24.89,,,,,
592,5060603,cs,12/1 LB,MARSHMALLOW REGULAR,JETPUFF,24.53,,,,,
593,6822561,cs,18/3.2 OZ,DRESSING MIX RANCH ORIGINAL,HVR,34.99,,,,,
594,771141,cs,4/1 GAL,DRESSING RASPBERRY VINAIGRETTE LIGHT,HELLMAN,45.73,,,,,
595,771141,ea,1/1 GAL,DRESSING RASPBERRY VINAIGRETTE LIGHT,HELLMAN,12.08,,,,,
596,1828599,cs,24/1 LB,YEAST ACTIVE FRESH,FLEISHM,36.55,,,,,
597,1828599,ea,1/1 LB,YEAST ACTIVE FRESH,FLEISHM,1.61,,,,,
598,4632717,cs,1/50 LB,FLOUR BREAD PATENT,WINONA,15.75,,,,,
599,4099099,cs,1/20 LB,BEAN NAVY PEA US #1 DRIED,SYS CLS,17.49,,,,,
600,4248910,cs,1/50 LB,FLOUR KING WHEAT,GOLDMDL,15.41,,,,,
601,4701140,cs,6/1 LB,BASE BEEF NO MSG 6/1 LB,MINOR,46.13,,,,,
602,4030730,cs,6/24 OZ,ONION PIECES FRENCH FRIED,FRENCHS,40.79,,,,,
603,1630631,cs,12/28 OZ,PEPPER RED ROASTED WHOLE IMPORTED,AREZIMP,31.27,,,,,
604,513515,cs,15/10 OZ,PRETZEL RODS BULK,SNYDERS,18.93,,,,,
605,7598592,cs,1/50 LB,FLOUR UNBLEACHED UNBROMATED SIR GALAHAD,KING A,15.19,,,,,
606,4492401,cs,6/28 OZ,STUFFING MIX CORNBREAD INSTANT,UNC BEN,38.96,,,,,
607,7773427,cs,1/5 LB,NUT MACADAMIA HALVES & PIECES RAW,BKR SEL,69.88,,,,,
608,9226150,cs,4/1 LTR,SYRUP HAZELNUT,MONIN,23.51,,,,,
609,6639512,cs,6/18 Z,SPICE CINNAMON GROUND,IMP/MCC,0,,,,,
610,6639512,ea,1/18 Z,SPICE CINNAMON GROUND,IMP/MCC,10.97,,,,,
611,6783417,cs,64/1 OZ,POPCORN CHEDDAR WHITE LARGE SINGLE SERVING,SMARTFD,31.03,,,,,
612,6292817,cs,3/2 LB,NUT PINE RAW,AREZIMP,138.9,,,,,
613,6292817,ea,1/2 LB,NUT PINE RAW,AREZIMP,48.92,,,,,
614,6178883,cs,36/3.3 OZ,POPCORN MICROWAVE BUTTER,SYS CLS,19.16,,,,,
615,3538437,cs,1/5 LB,CURRANT DRIED ZANTE (DROP SHIP),D'ALLAS,28.44,,,,,
616,5387067,cs,1/5 LB,WALNUT HALVES & PIECES CANDIED,AZAR,46.31,,,,,
617,2789279,cs,12/19 OZ,SAUCE DUCK,ROLAND,39.2,,,,,
618,3302171,cs,12/17 OZ,SAUCE CARAMEL DESIGNER DESSERT,LYON M,24.48,,,,,
619,4671350,cs,1/25 LB,RICE PARBOILED PERFECT,SYS IMP,16.36,,,,,
620,4007837,cs,12/12 OZ,SAUCE TABASCO HOT,TABASCO,69.1,,,,,
621,7524051,cs,4/1 GAL,SAUCE PEPPER CAYENNE RED HOT,FRANKS,41.63,,,,,
622,7524051,ea,1/1 GAL,SAUCE PEPPER CAYENNE RED HOT,FRANKS,11,,,,,
623,9403692,cs,2/1 GAL,DRESSING ITALIAN GOLDEN,SARATOG,27.01,,,,,
624,2026070,cs,9/24 CT,CONE WAFFLE W7216 CLASSIC LARGE,JOY,43.69,,,,,
625,4821591,cs,6/#5,TOPPING CARAMEL READY TO USE,SYS CLS,36.87,,,,,
626,5069240,cs,6/#10,TOPPING HOT FUDGE MELLOW,SYS CLS,86.07,,,,,
627,5069240,ea,1/#10,TOPPING HOT FUDGE MELLOW,SYS CLS,15.16,,,,,
628,5876093,cs,4/1 GAL,OLIVE QUEEN PITTED 100-120 COUNT,SYS IMP,0,,,,,
629,2473132,cs,6/16 OZ,SPICE SESAME SEED WHOLE WHITE,IMP/MCC,0,,,,,
630,2473132,ea,1/16 OZ,SPICE SESAME SEED WHOLE WHITE,IMP/MCC,6.78,,,,,
631,4018933,cs,24/15 OZ,MIX COCKTAIL CREAM OF COCONUT,COCOLPZ,48.24,,,,,
632,6533939,cs,6/18 OZ,SPICE SESAME SEED BLACK,MC CORM,0,,,,,
633,6533939,ea,1/18 OZ,SPICE SESAME SEED BLACK,MC CORM,11.31,,,,,
634,3242148,cs,12/2.82OZ,SNACK BAR PROTEIN CARAMEL,GATRADE,17.65,,,,,
635,3242151,cs,12/2.82OZ,SNACK BAR PROTEIN CHOCOLATE CHIP,GATRADE,17.67,,,,,
636,4008538,cs,500/2 PK,CRACKER SALTINE ZESTA,KEEBLER,18.09,,,,,
637,4215331,cs,1/1 GAL,SAUCE PLUM,LA CHOY,17.47,,,,,
638,4223582,cs,12/32 OZ,SAUCE MELBA,ROLAND,94.22,,,,,
639,4223582,ea,1/32 OZ,SAUCE MELBA,ROLAND,8.3,,,,,
640,4069720,cs,4/36 CT,SNACK BAR GRANOLA OATS 'N HONEY,NAT VLY,33.96,,,,,
641,7644909,cs,1/35 LB,SHORTENING LIQUID ZERO TRANS FAT,FRY-ON,0,,,,,
642,4007852,cs,24/5 OZ,SAUCE WORCESTERSHIRE,LEA&PER,42.55,,,,,
643,4582898,cs,4/1 GAL,DRESSING 1000 ISLAND SPECIAL RECIPE,SYS REL,31.42,,,,,
644,4582898,ea,1/1 GAL,DRESSING 1000 ISLAND SPECIAL RECIPE,SYS REL,8.3,,,,,
645,6725750,cs,64/1.375Z,CHIP POTATO REGULAR SEA SALT,MSVICKI,30.91,,,,,
646,4014684,cs,1/50 LB,FLOUR WHEAT WHOLE STONE GROUND,GOLDMDL,14.79,,,,,
647,4917530,cs,10/8.75OZ,MOUSSE MIX CHOCOLATE MILK,KNORR,53.68,,,,,
648,4184495,cs,6/4 LB,JELLY MINT,SYS CLS,31.93,,,,,
649,4184495,ea,1/4 LB,JELLY MINT,SYS CLS,5.62,,,,,
650,4441457,cs,24/24 OZ,SYRUP CHOCOLATE SQUEEZE BOTTLE,HERSHEY,52.11,,,,,
651,5229802,cs,6/1 LB,SPICE TURMERIC GROUND,IMP/MCC,0,,,,,
652,5229802,ea,1/1 LB,SPICE TURMERIC GROUND,IMP/MCC,11.46,,,,,
653,5230057,cs,6/32 OZ,EXTRACT VANILLA PURE,IMP/MCC,360.16,,,,,
654,5230057,ea,1/32 OZ,EXTRACT VANILLA PURE,IMP/MCC,63.42,,,,,
655,6067904,cs,6/24 CT,TEA BAG MINT TAZO REFRESH,TAZO,21.89,,,,,
656,533683,cs,48/5.5 OZ,JUICE TOMATO ALUMINUM CAN,SCRMNTO,17.56,,,,,
657,2310557,cs,2000/1 GM,SUGAR SUBSTITUTE SWEETENER SPLENDA,SPLENDA,31.75,,,,,
658,4488464,cs,150/.5 OZ,CRACKER OYSTER NEW ENGLAND,HSRCCLS,15.6,,,,,
659,6035703,cs,1/2000CT,SUGAR SUBSTITUTE PACKET BULK,SWT&LOW,18.52,,,,,
660,5130418,cs,15/750 ML,WATER SPARKLING IMPORTED MINUTE GLASS BOTTLE,SAN PEL,20.17,,,,,
661,4862835,cs,2/10 LB,PASTA ZITI,LABELLA,21.22,,,,,
662,5161021,cs,48/2 OZ,COOKIE FIG NEWTON CAKE,NABISCO,28.35,,,,,
663,4899373,cs,4/1 GAL,OIL SESAME SEED PURE,LEE KUM,126.5,,,,,
664,4899373,ea,1/1 GAL,OIL SESAME SEED PURE,LEE KUM,33.41,,,,,
665,5228796,cs,6/14 OZ,SPICE FENNEL SEED WHOLE,IMP/MCC,0,,,,,
666,5228796,ea,1/14 OZ,SPICE FENNEL SEED WHOLE,IMP/MCC,11.49,,,,,
667,5309547,cs,2/5 LB,PASTA BOW-TIE,LABELLA,12.49,,,,,
668,5145206,cs,12/46 OZ,JUICE CLAM OCEAN NO MSG,PORTCLS,34.13,,,,,
669,5176763,cs,12/51 OZ,CLAM OCEAN CHOPPED FANCY NO MSG,PORTIMP,0,,,,,
670,5814421,cs,6/1 LB,SOUP BASE BEEF LOW SODIUM GLUTEN-FREE,MINOR,51.65,,,,,
671,7897545,cs,6/750ML,SYRUP AGAVE ORGANIC 750 ML,MONIN,39.17,,,,,
672,3069895,cs,12/1 LTR,WATER SPRING IMPORTED GLASS BOTTLE,PANNA,17.63,,,,,
673,4084901,cs,4/1 GAL,DRESSING BLUE CHEESE FROMAGE,SYS IMP,84.77,,,,,
674,4084901,ea,1/1 GAL,DRESSING BLUE CHEESE FROMAGE,SYS IMP,22.98,,,,,
675,1698461,cs,1/5 LBS,PUMPKIN SEED BULK,LVOFARE,19.74,,,,,
676,6128213,cs,6/30 CT,CANDY VARIETY PACK,HERSHEY,121.49,,,,,
677,4011383,cs,48/5.5 OZ,JUICE GRAPE,WELCHS,0,,,,,
678,339428,cs,6/90 CT,TORTILLA FLOUR CORN WHITE TABLE,TAC MEX,19.48,,,,,
679,5593900,cs,12/2 LB,SUGAR CONFECTIONER 10X CANE,SYS CLS,24.81,,,,,
680,6219349,cs,4/1 GAL,SYRUP MAPLE 55%,SYS IMP,151.49,,,,,
681,6219349,ea,1/1 GAL,SYRUP MAPLE 55%,SYS IMP,40.01,,,,,
682,6814909,cs,24/1 OZ,CHIP ORIGINAL,TERRA,18.57,,,,,
683,1369046,cs,12/12 OZ,SYRUP PANCAKE SUGAR-FREE,CARY'S,23.89,,,,,
684,5229398,cs,6/14 OZ,SPICE PEPPER CAYENNE GROUND,IMP/MCC,0,,,,,
685,4885970,cs,12/12.7OZ,RELISH SWEET EASY SQUEEZE BOTLE,HEINZ,22.21,,,,,
686,7040034,cs,2/48 OZ,CRANBERRY DRIED CRAISINS,OCNSPRY,14.48,,,,,
687,5966116,cs,1/25 LB,BREAD CRUMBS JAPANESE TOASTED PANKO,JDMTCLS,18.19,,,,,
688,4645362,cs,3/2 LB,PECAN HALF FANCY,SYS IMP,75.55,,,,,
689,2538082,cs,12/12 OZ,PASTA SPAGHETTI GLUTEN FREE (DROP SHIP),BARILLA,41.23,,,,,
690,8932360,cs,6/16OZ,SPICE PEPPER BLACK 1/2 CRACKED (DROP SHIP),D'ALLAS,117.34,,,,,
691,5875929,cs,4/1 GAL,OLIVE SLICED,SYS OTT,49.39,,,,,
692,5875929,ea,1/1 GAL,OLIVE SLICED,SYS OTT,13.05,,,,,
693,3411582,cs,4/11 LB,RICE ARBORIO,RISO,64.52,,,,,
694,3411582,ea,1/11 LB,RICE ARBORIO,RISO,17.04,,,,,
695,5441605,cs,12/25 OZ,WATER SPARKLING MINERAL GLASS BOTTLE,PERRIER,17.42,,,,,
696,4006797,cs,4/1 GAL,MUSTARD PREPARED YELLOW SALAD,SYS CLS,21.78,,,,,
697,4006797,ea,1/1 GAL,MUSTARD PREPARED YELLOW SALAD,SYS CLS,5.75,,,,,
698,4069926,cs,8/12 OZ,PASTA PENNE RIGATE GLUTEN FREE,BARILLA,15.69,,,,,
699,4583704,cs,6/1 LB,SOUP BASE CHICKEN,MINOR,43.27,,,,,
700,4699542,cs,6/1 LB,BASE CHICKEN NO MSG ZTF 6/1 LB,MINOR,41.85,,,,,
701,7775693,cs,4/135 OZ,SALSA CHUNKY MILD AUTHENTIC,CASACLS,46.42,,,,,
702,7775693,ea,1/135 OZ,SALSA CHUNKY MILD AUTHENTIC,CASACLS,12.26,,,,,
703,4062337,cs,6/#10,BEAN GARBANZO FANCY NO SULFITE,SYS CLS,25.68,,,,,
704,5608559,cs,4/1 GAL,DRESSING VINAIGRETTE RASPBERRY LIGHT,KENS,42.31,,,,,
705,6190823,cs,6/12.9OZ,GLAZE BALSAMIC FIG (DROP SHIP),ROLAND,52.12,,,,,
706,1378926,cs,24/12 OZ,SODA GINGER ALE READY TO DRINK,BOYLAN,23.35,,,,,
707,4589735,cs,6/9 OZ,SPICE CORIANDER SEED EXTRA BOLD (DROP SHIP),D'ALLAS,36.01,,,,,
708,5034368,cs,12/32 OZ,CHUTNEY MANGO MAJOR GREY,ROLAND,65.82,,,,,
709,5034368,ea,1/32 OZ,CHUTNEY MANGO MAJOR GREY,ROLAND,5.8,,,,,
710,4520623,cs,6/5 LB,SAUCE HOISIN,LEE KUM,32.9,,,,,
711,4520623,ea,1/5 LB,SAUCE HOISIN,LEE KUM,5.79,,,,,
712,2703763,cs,6/5 LB,NOODLE EGG FRSH LO MEIN,PACKER,46.51,,,,,
713,1060987,cs,8/46 OZ,APPLESAUCE NATURAL (PLASTIC),MUSSLMN,31.32,,,,,
714,1413196,cs,12/28 OZ,PALM HEART WHOLE,COCINA,38.35,,,,,
715,5360359,cs,24/12 OZ,SODA SPRITE CANS 4/6 PACK,SPRITE,13.01,,,,,
716,2786127,cs,24/12 OZ,SODA COCA COLA CLASSIC,COCACOL,13.01,,,,,
717,3125531,cs,1200/4.5 GM,SUGAR TURBINADO CANE PACKET,NAT SGR,22.33,,,,,
718,5416193,cs,3/7.5 LB,SEASONING SEAFOOD,OLD BAY,0,,,,,
719,5416193,ea,1/7.5 LB,SEASONING SEAFOOD,OLD BAY,36.2,,,,,
720,3792413,cs,4/1 GAL,DRESSING BALSAMIC VINAIGRETTE METRO,KENS,43.68,,,,,
721,3639309,cs,1/10 LB,BEAN LENTIL RED CHIEF (DROP SHIP),INTLIMP,43.08,,,,,
722,2837235,cs,12/8.8 OZ,NOODLE ASIAN (SOBA) BUCKWHEAT (DROP SHIP),KAME,33.01,,,,,
723,3802147,cs,6/.5 GAL,SAUCE SWEET & SOUR READY-TO-USE,MINOR,45.24,,,,,
724,4944666,cs,6/1 LB,SOUP BASE CLAM,SYS IMP,36.43,,,,,
725,4944666,ea,1/1 LB,SOUP BASE CLAM,SYS IMP,6.42,,,,,
726,5016423,cs,20/1 LB,PASTA CAPELLI D' ANGELO 1 MM,LABELLA,19.54,,,,,
727,4944682,cs,6/1 LB,SOUP BASE LOBSTER NO MSG OR HYDROLIZED VEGETABLE PROTEIN,SYS IMP,68.55,,,,,
728,4944682,ea,1/1 LB,SOUP BASE LOBSTER NO MSG OR HYDROLIZED VEGETABLE PROTEIN,SYS IMP,12.07,,,,,
729,4351722,cs,6/5 LB,MIX PANCAKE BUTTERMILK COMPLETE,KRSTEAZ,26.13,,,,,
730,7468210,cs,4/1 GAL,PEPPER BANANA RINGS,BAYVLPR,24.56,,,,,
731,7468210,ea,1/1 GAL,PEPPER BANANA RINGS,BAYVLPR,6.49,,,,,
732,4152650,cs,6/13.5OZ,SEASONING SPICY MAGGI,MAGGI,24.6,,,,,
733,1534050,cs,12/15 CT,MATZO BALL,MEALMRT,122.96,,,,,
734,4787297,cs,2/5 LB,PASTA NOODLE EGG WIDE,LABELLA,11.56,,,,,
735,1067180,cs,4/5#,COUSCOUS INTERNATIONAL ISRAELI,ROLAND,40.72,,,,,
736,4341986,cs,48/6 CT,COOKIE SANDWICH OREO 2.4 OUNCE,NABISCO,22.18,,,,,
737,7000309,cs,1/5 LB,CASHEW WHOLE RAW (DROP SHIP),D'ALLAS,76.1,,,,,
738,1698572,cs,1/5 LBS,CURRANT ZANTE (DROP SHIP),LVOFARE,23.51,,,,,
739,1967348,cs,1/5 LB,APRICOT DRIED MEDITERRANEAN,TRAINA,21.99,,,,,
740,4036489,cs,6/4LB,CHEESECAKE MIX,JELLO,87.59,,,,,
741,5228648,cs,6/8 OZ,SPICE CINNAMON STICK,IMP/MCC,0,,,,,
742,5228648,ea,1/8 OZ,SPICE CINNAMON STICK,IMP/MCC,15,,,,,
743,4099123,cs,1/20 LB,BEAN GREAT NORTHERN DRIED,SYS CLS,17.86,,,,,
744,5203443,cs,1/30 LB,CANDY MINT STARLIGHT POUCH PEPPERMINT,SYS CLS,48.87,,,,,
745,4219747,cs,48/12 OZ,MILK EVAPORATED,SYS CLS,61.61,,,,,
746,4496253,cs,2/5LTR,OIL GRAPE SEED (DROP SHIP),ROLAND,71.3,,,,,
747,963793,cs,12/46 OZ,JUICE TOMATO FANCY,SCRMNTO,17.57,,,,,
748,8523995,cs,6/66.5OZ,TUNA WHITE ALBACORE SOLID WATER,PORTCLS,108.12,,,,,
749,5229497,cs,6/13 OZ,SPICE PICKLING WHOLE,IMP/MCC,0,,,,,
750,5229497,ea,1/13 OZ,SPICE PICKLING WHOLE,IMP/MCC,10.16,,,,,
751,4498226,cs,12/1 LB,GINGER SLICED SUSHI PICKLED,ROLAND,36.06,,,,,
752,1271475,cs,6/50 CT,COCOA MIX INDIVIDUAL,SWSMISS,49.52,,,,,
753,3891003,cs,1000/1 GM,SUGAR SUBSTITUTE PACKET GREEN,TRUVCAF,36.59,,,,,
754,4110508,cs,1/30 LB,RAISIN SEEDLESS GOLDEN,SYS IMP,70.36,,,,,
755,1536929,cs,12/5.25OZ,MIX SALAD TABOULEH WHEAT (DROP SHIP),NEAR EA,22.05,,,,,
756,7187568,cs,4/1 GAL,"PICKLE CHIP BREAD AND BUTTER, SWEET RRESH PACK",BAYVALY,0,,,,,
757,4537559,cs,4/1 GAL,DRESSING ITALIAN GOLDEN,SYS CLS,37.6,,,,,
758,4537559,ea,1/1 GAL,DRESSING ITALIAN GOLDEN,SYS CLS,9.93,,,,,
759,1990961,cs,16/150CT,"TOWEL CENTERFOLD 13"" X 10.25"" 1 PLY WHITE",SYS CLS,27.26,,,,,
760,2306775,cs,10/100 CT,GLOVE NITRILE LARGE BLUE FOODSERVICE POWDER FREE,SYS CLS,50.44,,,,,
761,4748199,cs,2/50 CT,"KIT CUTLERY CATERWRAP NAPKIN, KNIFE, FORK & SPOON",HOFMSTR,48.2,,,,,
762,1763846,cs,100/60 GAL,"LINER REPRO 38"" X 58"" 1.5 ML BLACK",SYS REL,26.92,,,,,
763,2306753,cs,10/100 CT,GLOVE NITRILE MEDIUM BLUE FOODSERVICE POWDER FREE,SYS CLS,50.44,,,,,
764,2100467,cs,12/9 IN,HAT CHEF PAPER PLEATED ONE-SIZE WHITE,SYS CLS,8.94,,,,,
765,5881966,cs,1000/12-16G,"LINER ROLL 24"" X 33"" 6 MICRON NATURAL",SYS CLS,26.41,,,,,
766,6034518,cs,300/32 OZ,CONTAINER PLASTIC BLACK MICRO,GENPAK,62.95,,,,,
767,6410898,cs,1/60 YD,"CLOTH CHEESE REGULAR WEIGHT 36""",SYS CLS,52.17,,,,,
768,5318613,cs,10/250CT,CUP PLASTIC PORTION TRANSLUCENT 5.5 OZ,SYS REL,73.23,,,,,
769,6111984,cs,300/24 OZ,CONTAINER PLASTIC RECTANGULAR MICRO BLACK,GENPAK,62.8,,,,,
770,7793880,cs,12/200CT,CUP PLASTIC PORTION BLACK 4 OZ,SYS REL,57.71,,,,,
771,2818110,cs,4/125CT,"PLATE PLASTIC BLACK IMPACT 10.25""",SYS IMP,87.39,,,,,
772,7794656,cs,25/100 CT,LID PLASTIC CLEAR FOR 5.5 OZ PORTION,SYS IMP,46.38,,,,,
773,2306781,cs,10/100 CT,GLOVE NITRILE EXTRA LARGE BLUE FOODSERVICE POWDER FREE,SYS CLS,50.44,,,,,
774,4360855,cs,40/25 CT,CUP FOAM 16 OZ,SYSCO,34.14,,,,,
775,3943119,cs,1/250 CT,KIT CUTLERY HEAVY BLACK FORKS NAPKIN,WALLACE,25.21,,,,,
776,7834504,cs,500/12 OZ,CUP PLASTIC KID WITH LID GOOD EARTH,FABRKAL,80.58,,,,,
777,7917760,cs,200/32OZ,BOWL PLASTIC APET 32 OZ BLACK,GENPAK,58.22,,,,,
778,5045786,cs,8/500CT,"WRAP FOOD DRY WAX FOLD 12"" X 10.75""",SYSCO,39.49,,,,,
779,5045786,ea,1/500CT,"WRAP FOOD DRY WAX FOLD 12"" X 10.75""",SYSCO,5.21,,,,,
780,8701294,cs,200/18  IN,BAG PASTRY DISPOSABLE,AUGTHOM,33.32,,,,,
781,191567,cs,24/500CT,"STRAW PLASTIC TRANSLUCENT JUMBO WRAPPED 7.75""",SYS CLS,77.94,,,,,
782,191567,ea,1/500CT,"STRAW PLASTIC TRANSLUCENT JUMBO WRAPPED 7.75""",SYS CLS,3.43,,,,,
783,1975095,cs,8/125CT,NAPKIN BEVERAGE 10 X 10 INCH FINESSE,SYS CLS,46.6,,,,,
784,6938211,cs,100/EA,LID FOIL FOR HALF STEAM TABLE PAN,SYS CLS,23.68,,,,,
785,7465969,cs,100/HALF,"PAN FOIL STEAM TABLE 2.56"" DEEP",SYS CLS,34.65,,,,,
786,6034553,cs,1/300 CT,LID PLASTIC CLEAR FOR FPR032,GENPAK,52.93,,,,,
787,6155671,cs,300/12OZ,CONTAINER PLASTIC BLACK RECTANGULAR MICRO,GENPAK,45.42,,,,,
788,6938328,cs,1/18 IN,FOIL ALUMINUM ROLL STANDARD WEIGHT 500',SYS CLS,21.35,,,,,
789,7435266,cs,1/18 IN,FILM PVC ROLL 2000',SYS CLS,17.94,,,,,
790,1594169,cs,1/250CT,BAG PAPER BROWN HANDLE BISTRO 60#,SYSCO,52.5,,,,,
791,4471223,cs,50/200FT,"TAPE PAPER REGULAR THERMAL 3-1/8""",SYSCO,60,,,,,
792,5862768,cs,40/EA,"PAD SCOUR GENERAL PURPOSE 4.5"" X 6""",SCTHBRT,13.63,,,,,
793,5974290,cs,1000/16X24,LINER PAN PAPER QUILLON,SYSCO,36.22,,,,,
794,5793872,cs,1/12CT,PAD SCRUB STAINLESS 50 GM 1.75 OZ,SYSCO,19.88,,,,,
795,6150401,cs,300/CT,LID PLASTIC CLEAR FOR FPR012 FPR016,GENPAK,0,,,,,
796,4467751,cs,10/300 CT,NAPKIN BEVERAGE 9 INCH X 9 INCH 2 PLY 1/4 FOLD WHITE,SYS CLS,40.22,,,,,
797,4979528,cs,4/50 CT,"LID PLASTIC DOME .5"" FOR 24 OZ AND 32 OZ BOWL",GENPAK,42.98,,,,,
798,7989231,cs,1000/CT,FORK PLASTIC CLEAR HEAVY FULL LENGTH,SYS IMP,40.1,,,,,
799,9711565,cs,1/2000CT,"DOILY LACE ROUND WHITE 4""",SYSCO,14.36,,,,,
800,9711631,cs,1/2000CT,"DOILY LACE ROUND WHITE 6""",SYSCO,19.93,,,,,
801,6342227,cs,5/100 CT,"TOWEL GUEST 12"" X 17"" LINEN-LIKE WHITE",SYS CLS,47.61,,,,,
802,5595806,cs,1000/8-10G,"LINER ROLL 24"" X 24"" 6 MICRON NATURAL",SYS CLS,18.39,,,,,
803,8018838,cs,240/16OZ,CONTAINER PLASTIC DELI TRANSLUCENT WITH LID,DELITNR,45.03,,,,,
804,8231512,cs,240/32 OZ,CONTAINER PLASTIC DELI TRANSLUCENT WITH LID,DELITNR,58.41,,,,,
805,7498694,cs,50/100 FT,"TAPE PAPER CASH REGULAR ROLL 2 PLY 3""",SYSCO,48.86,,,,,
806,7989207,cs,1000/CT,FORK PLASTIC BLACK HEAVY FULL LENGTH,SYS IMP,42.28,,,,,
807,8170122,cs,1000/EA,SPOON PLASTIC BLACK HEAVY FULL LENGTH,SYS IMP,40.18,,,,,
808,8467359,cs,8/125CT,"PLATE PLASTIC BLACK IMPACT 6""",SYS IMP,89.77,,,,,
809,7863634,cs,1/250CT,BAG PLASTIC RECLOSABLE GALLON EXTRA EXTRA-HEAVY,SYS CLS,17.36,,,,,
810,8100982,cs,8/1000CT,"STIRRER PLASTIC STRAW BLACK 5.25""",SYSCO,15.35,,,,,
811,5793997,cs,6/10 CT,"PAD GRIDDLE 4"" X 6""",SYSCO,18.58,,,,,
812,2103321,cs,10/100CT,"CHOPSTICKS BAMBOO IN WHITE ENVELOPE 9""",HANGARD,45.46,,,,,
813,8146544,cs,"150/9X9""",CONTAINER PAPER HINGED FIBER BLEND,EARTHCH,48.31,,,,,
814,7790658,cs,12/200CT,CUP PLASTIC PORTION BLACK 2 OZ,SYS REL,32.64,,,,,
815,7790795,cs,24/100CT,LID PLASTIC CLEAR FOR 1.5-2.5 OZ PORTION,SYS IMP,23.86,,,,,
816,5793963,cs,12/8X4IN,"GRILL BRICK 3.5"" THICK",SYSCO,21.7,,,,,
817,7473525,cs,20/45 CT,CUP PLASTIC CLEAR PET 10 OZ,SYS IMP,51.92,,,,,
818,2777561,cs,10/100CT,LID PLASTIC SLOT FOR 12 16  20 & 24 OZ,PACTIV,17.99,,,,,
819,8939346,cs,6/100CT,TOWEL GUEST FASHNPOINT WHITE,HOFMSTR,31.12,,,,,
820,2770291,cs,20/25 CT,CUP FOAM 32 OZ WHITE,SYS CLS,38.53,,,,,
821,8208056,cs,1000/EA,KNIFE PLASTIC BLACK FULL LENGTH HEAVYWEIGHT,PRAIRIE,32.36,,,,,
822,8219299,cs,12/200CT,CUP PLASTIC PORTION CLEAR 2.0 OZ,PRAIRIE,68.77,,,,,
823,1993877,cs,36/95CT,TISSUE FACIAL 2-PLY CUBE WHITE,SYS IMP,57.47,,,,,
824,4743279,cs,1/120 CT,CONTAINER PLAS HNG 9X9 1CMP BK,EARTHCH,33.76,,,,,
825,2102509,cs,10/10/100,"SKEWER BAMBOO 6"" INCH",HANGARD,0,,,,,
826,2102509,ea,1/10/100,"SKEWER BAMBOO 6"" INCH",HANGARD,6.03,,,,,
827,4962213,cs,10/100 CT,LID PLASTIC DOME BLACK 12-16 OZ HOTCUP,DIXIE,57.21,,,,,
828,7793736,cs,20/120CT,LID PLASTIC CLEAR FOR 3-4 OZ PORTION CUP,SYS IMP,36.25,,,,,
829,7190184,cs,80/550 CT,TISSUE TOILET 2 PLY WHITE WRAPPED ENVISION,GEORG P,37.9,,,,,
830,4108936,cs,16/189CT,TOWEL MULTIFOLD ADVC WHT 2PLY,TORK,28.07,,,,,
831,3014000,cs,10/100 CT,LID PLASTIC TEARBACK SLOT 12-24 OZ,PACTIV,21.54,,,,,
832,6666424,cs,20/50 CT,CUP PAPER HOT 12 OZ JAVA,DIXIE,58.49,,,,,
833,1904028,cs,1/18 CT,RIBBON REGISTER EPSON RED/BLACK (DROP SHIP),NATIONL,77.72,,,,,
834,7498660,cs,50/165 FT,"TAPE PAPER CASH REGULAR ROLL 1 PLY 3""",SYSCO,32.76,,,,,
835,5950696,cs,250/3 GAL,"FILTER COFFEE PAPER U3 18"" X 7.5""",SYSCO,15.96,,,,,
836,5950688,cs,2/250 CT,"FILTER COFFEE TEA 1.5 GAL 13"" X 5""",SYSCO,16.41,,,,,
837,5765870,cs,500/12-16G,"LINER TRASH 24"" X 32"" .35 MIL CLEAR",SYS CLS,22.51,,,,,
838,2102038,cs,10/100CT,"PICK SANDWICH BAMBOO KNOT 4""",HANGARD,18.61,,,,,
839,5779087,cs,4/250 CT,TRAY FOOD PAPER RED PLAID 2#,S CHAMP,29.66,,,,,
840,1376805,cs,1/20CT,"PAD SCOUR GREEN 6"" X 9"" ANTIMICROBIAL",SYSCO,7.6,,,,,
841,2001556,cs,250/EA,CONTAINER PAPER WHITE ROUND 8 LID,SYS CLS,46.94,,,,,
842,9532391,cs,72/13X24,TOWEL FOODSERVICE WHITE,CHIX,38.83,,,,,
843,4467140,cs,12/500 CT,NAPKIN 12 INCH X 13 INCH LUNCH 1 PLY 1/4 FOLD WHITE,SYS CLS,52.37,,,,,
844,3457258,cs,200/CT,"CONTAINER PAPER COMPOSTABLE WORLD V 9""",ECOPROD,52.81,,,,,
845,7475530,cs,9/60CT,CUP PET PLASTIC CLEAR 12/14 OZ,SYS IMP,44.87,,,,,
846,1983737,cs,60/2 OZ,CLEANER FLOOR ALKALINE READY-TO-USE,KEYSTON,40.88,,,,,
847,8509364,cs,6/17OZ,POLISH FURNITURE LEMON AEROSOL,KEYSTON,32.61,,,,,
848,1326507,cs,4/32OZ,CLEANER DEGREASER GREASELIFT READY-TO-USE,KEYSTON,33.78,,,,,
849,1934027,cs,6/128OZ,BLEACH CHLORINE LIQUID 5.25 %,SYS REL,13.18,,,,,
850,4834503,cs,4/1 GAL,SOAP HAND LIQUID CLEAN & SMOOTH,ECOLAB,107.92,,,,,
851,8894167,cs,6/16OZ,POLISH STAINLESS STEEL SATIN SHINE AEROSOL,KEYSTON,29.85,,,,,
852,658011,cs,30/3.6OZ,CLEANER DEGREASER HIGH TEMPERATURE GRILL READY-TO-USE,KEYSTON,30.3,,,,,
853,4166379,cs,6/32OZ,CLEANER DISINFECTANT PEROXIDE AND GLASS CLEANER READY TO USE,KEYSTON,36.63,,,,,
854,7666272,cs,9/32OZ,DETERGENT POT & PAN LIQUID BLUE READY-TO-USE,KEYSTON,32.99,,,,,
855,7682790,cs,4/32OZ,CLEANER GLASS BLUE READY-TO-USE,KEYSTON,20.44,,,,,
856,7682802,cs,4/32OZ,CLEANER ALL PURPOSE ORANGE READY TO USE,KEYSTON,21.18,,,,,
857,7637430,cs,6/32OZ,CLEANER BOWL PHOSPHORIC ACID 20%-READY TO-USE,KEYSTON,33.16,,,,,
858,2514028,cs,1/2.5GAL,CLEANER FLOOR SANITIZING WASH N WALK,KEYSTON,101.74,,,,,
859,2694319,cs,6/750ML,SOAP HAND CLEAN & SMOOTH LIQUID,ECOLAB,0,,,,,
860,2990934,cs,1/2GAL,CLEANER DISINFECTANT PEROXIDE OASIS,ECOLAB,67.52,,,,,
861,4214649,cs,4/1 GAL,SANITIZER MACHINE LIQUID ECO-SAN,ECOLAB,28.48,,,,,
862,4350963,cs,4/1 GAL,DETERGENT MACHINE SUPER TRUMP,ECOLAB,45.18,,,,,
863,4496899,cs,2/8 LB,PRESOAK FLATWARE SILVER POWER,ECOLAB,98.52,,,,,
864,4853494,cs,1/EA,KIT SAMPLE 8 MULTI CLEANERS,KEYSTON,0.9,,,,,
865,5027289,cs,2/5 LB,DETERGENT HAND SOLID SOLITAIRE,ECOLAB,76.95,,,,,
866,5061239,cs,1/5GAL,SANITIZER MACHINE ECOTEMP ULTRA,ECOLAB,42.46,,,,,
867,5636469,cs,4/1 GAL,RINSE AID LOW TEMPERATURE ULTRA DRY,ECOLAB,144.93,,,,,
868,5750450,cs,2/2.5 LB,RINSE AID BRILLIANCE SOLID,ECOLAB,167.05,,,,,
869,7006331,cs,1/2.5GAL,SANITIZER OASIS 146 MULTI QUAT,ECOLAB,75,,,,,
870,8265585,cs,4/9LB,DETERGENT MACHINE SOLID POWER XL,ECOLAB,108.69,,,,,
871,7928207,cs,1/5GAL,DETERGENT LAUNDRY LIQUID EMULSION L2000 XP,ECOLAB,216.98,,,,,
872,4208120,cs,1/5GAL,DESTAINER LAUNDRY LIQUID,ECOLAB,70.69,,,,,
873,7900259,cs,1/5GAL,LAUNDRY LIQUID TRISTAR SOLAR BRITE,ECOLAB,241.02,,,,,
874,7715362,cs,6/20OZ,CLEANER OVEN AND GRILL AEROSOL,KEYSTON,31.21,,,,,
875,936039,cs,1/24CT,CHARGER WHIPPED CREAM DISPENSER,SYSCO,13.32,,,,,
876,2990402,cs,12/8 OZ,FUEL GAS BUTANE CANISTER,STERNO,18,,,,,
877,4179586,cs,1/2 CT,MOP HEAD BLEND LOOPED-END ALL PURPOSE LARGE,SYSCO,17.66,,,,,
878,2257877,cs,12/EA,LIGHTER GAS BUTANE DISPENSER,STERNO,27.47,,,,,
879,2257877,ea,1/EA,LIGHTER GAS BUTANE DISPENSER,STERNO,2.42,,,,,
880,5178462,cs,12/24OZ,BOTTLE PLASTIC SQUEEZE CLEAR,TBLCRFT,13.33,,,,,
881,111526,cs,1/2.5 LB,TWINE COTTON 16 PLY,SYSCO,18.23,,,,,
882,8664229,cs,24/11.5OZ,GLASS GOBLET EMBASSY 11.5 OZ,SYSCO,85.28,,,,,
883,2173510,cs,288/10 HR,CANDLE VOTIVE WHITE 10 HOUR,STERNO,35.91,,,,,
884,5167630,cs,1/10IN,PAN FRY ALUMINUM REGULAR INSULATED HANDLE,SYSCO,18.68,,,,,
885,5597653,cs,3/15X20,"BOX BUS BLACK 7"" DEEP 15"" X 20""",SYSCO,17.72,,,,,
886,1653864,cs,2/EACH,THERMOMETER POCKET TEST 0 TO 220 DEGREES FAHRENHEIT,SYSCO,10.74,,,,,
887,4180741,cs,"6/54""",BROOM ANGULAR FLAGGED,SYSCO,31.82,,,,,
888,4180741,ea,"1/54""",BROOM ANGULAR FLAGGED,SYSCO,5.61,,,,,
889,5756465,cs,24/16X19,TOWEL BAR TERRY CLOTH RIBBED,SYSCO,28.24,,,,,
890,6178867,cs,"1/25""",SIGN WET FLOOR YELLOW OSHA COMPLIANT,RUBBRMD,8.51,,,,,
891,4668612,cs,1/16 IN,TONG UTILITY STAINLESS STEEL HEAVY DUTY,VOLLRTH,5.55,,,,,
892,5605795,cs,1/10IN,KNIFE COOK SANI-SOFT,SYSCO,26.4,,,,,
893,6491823,cs,1/12IN,TONG HINGED STAINLESS LOCK #4412 HANDLE,SYSCO,8.94,,,,,
894,6491914,cs,1/9IN,TONG HINGED STAINLESS STEEL WITH LOCKING HANDLE #4409,SYSCO,8.48,,,,,
895,6493357,cs,1/3 PC,"KNIFE PARING COOKS STYLE 3.25""",SYSCO,14.22,,,,,
896,7378989,cs,1/EA,PAN DUST LOBBY WIDE 2 PIECE HANDLE,SYSCO,15.14,,,,,
897,7663362,cs,"1/13.5""",SCRAPER SPATULA HIGH HEAT WHITE,VOLLRTH,9.62,,,,,
898,7663404,cs,"1/10""",SCRAPER SPATULA HIGH HEAT WHITE,VOLLRTH,7.32,,,,,
899,4179537,cs,1/3 CT,MOP HEAD COTTON CUT END #32,SYSCO,15.69,,,,,
900,7798832,cs,1/EA,"SQUEEGEE FLOOR 22"" BLUE",DAYDOTS,9.85,,,,,
901,2212629,cs,180/8 HR,FUEL LAMP CARTRIDGE SOFTLIGHT,STERNO,63.36,,,,,
902,2585404,cs,1/18X13,PAN SHEET ALUMINUM 1/2 SIZE 18 GAUGE,SYSCO,8.36,,,,,
903,7908791,cs,1/18X26,LID BOX FOOD CLEAR POLYCARBONATE (DROP SHIP),SYSCO,0,,,,,
904,4180279,cs,"6/60""",HANDLE MOP FIBERGLASS QUICK CHANGE,SYSCO,74.49,,,,,
905,4180279,ea,"1/60""",HANDLE MOP FIBERGLASS QUICK CHANGE,SYSCO,13.12,,,,,
906,4783496,cs,24/6 HR,FUEL CANNED CHAFING STEM WICK,SYSCO,36.63,,,,,
907,4338745,cs,1/#8,DISHER STAINLESS SOLID GRAY HANDLE,SYSCO,9.25,,,,,
908,4338752,cs,1/#16,DISHER STAINLESS SOLID DARK BLUE HANDLE,SYSCO,9.23,,,,,
909,5014115,cs,1/NO 24,DISHER STAINLESS SOLID RED HANDLE (DROP SHIP),WINCO,7.03,,,,,
910,2757912,cs,1/3QT,PAIL PLASTIC CLEANING KLEEN-PAIL,KATCHAL,5.18,,,,,
911,2764017,cs,1/6 CT,"APRON BIB COTTON-POLYESTER WHITE 32"" X 34""",SYSCO,28.12,,,,,
912,5089113,cs,1/21 CT,FILTER POD FRYER OIL EXTENDER,SYS CLS,41.47,,,,,
913,2212300,cs,24/6 HR,FUEL CANNED HEAT HANDY WICK,STERNO,0,,,,,
914,2435802,cs,2/EA,BULB LIGHT HT LAMP SHTERPROF,DAYDOTS,29.92,,,,,
915,1182211,cs,1/10LB,MUSHROOM MEDIUM FRESH,IMPFRSH,17.95,,,,,
916,4714077,cs,1/3 LB,"MUSHROOM PORTABELLO CAP 6-8""",PACKER,14.86,,,,,
917,7582505,cs,8/16 OZ,STRAWBERRY FRESH DRISCOLL,DRISCOL,23.02,,,,,
918,1525450,cs,1/50 CT,FLOWER EDIBLE PANSY FRESH (DEMAND STATUS),PACKER,13.5,,,,,
919,3865896,cs,4/1 GAL,JUICE ORANGE PASTEURIZED ULTRA PREMIUM,SYS NAT,29.27,,,,,
920,1863281,cs,1/100STM,FLOWER ORCHIDS DENDROBIUM EDIBLE,PACKER,18.97,,,,,
921,1283308,cs,1/10 LB,BANANA FRESH,PACKER,7.17,,,,,
922,3865888,cs,6/.5 GAL,JUICE GRAPEFRUIT PASTEURIZED ULTRA PASTEURIZED,SYS NAT,29.83,,,,,
923,2795896,cs,1/12 CT,APPLE GRANNY SMITH FRESH,IMPFRSH,10.17,,,,,
924,5782321,cs,1/8 OZ,LETTUCE FRESH MICRO RAINBOW,CAHABA,19.83,,,,,
925,1008465,cs,1/50 LB,POTATO BAKING IDAHO 90 COUNT FRESH,IMPFRSH,19.81,,,,,
926,1094663,cs,1/25 LB,ONION RED FRESH JUMBO,IMPFRSH,0,,,,,
927,1094721,cs,1/50 LB,ONIONS YELLOW JUMBO FRESH,IMPFRSH,17.36,,,,,
928,1491810,cs,1/50 LB,CABBAGE GREEN FRESH CARTON MEDIUM,PACKER,21.45,,,,,
929,1873421,cs,1/30 LB,CABBAGE NAPPA CHINESE FRESH (DEMAND STATUS),PACKER,25.48,,,,,
930,7330301,cs,12/3 CT,LETTUCE ROMAINE HEARTS,PACKER,32.5,,,,,
931,7330301,ea,1/3 CT,LETTUCE ROMAINE HEARTS,PACKER,2.86,,,,,
932,8339590,cs,1/5 LB,CARROTS BABY WITH TOPS HAND PEELED,PACKER,13.27,,,,,
933,4574752,cs,1/BUSHEL,CORN YELLOW FRESH,PACKER,19.62,,,,,
934,7630551,cs,4/5 LB,CABBAGE GREENS SHREDDED WITH BAG,IMPFRSH,15.71,,,,,
935,7630551,ea,1/5 LB,CABBAGE GREENS SHREDDED WITH BAG,IMPFRSH,4.14,,,,,
936,6133068,cs,12/14 OZ.,TOFU FIRM ORGANIC,HOUSE,21.95,,,,,
937,404030,cs,1/10 LBS,SQUASH BUTTERNUT FRSH,IMPFRSH,14.53,,,,,
938,4679276,cs,1/60 CT,AVOCADO HASS BREAKING,CALAVO,34.37,,,,,
939,6686505,cs,1/5 LB,PEPPER GREEN BELL MEDIUM FRESH,IMPFRSH,11.21,,,,,
940,1061670,cs,14/1 LB,RADISH RED CELLO PACK FRESH,PACKER,16.8,,,,,
941,1061670,ea,1/1 LB,RADISH RED CELLO PACK FRESH,PACKER,1.27,,,,,
942,1300391,cs,1/5 LB,MUSHROOMS SLICED FRESH,IMPFRSH,10.36,,,,,
943,1675610,cs,4/6 CT,LETTUCE ICEBERG TRIMMED FRESH,SYFPNAT,33.55,,,,,
944,1675610,ea,1/6 CT,LETTUCE ICEBERG TRIMMED FRESH,SYFPNAT,8.84,,,,,
945,1735369,cs,1/12CT,CUCUMBERS ENGLISH LONG,IMPFRSH,14.03,,,,,
946,1763432,cs,1/25 LB,TOMATO BULK PACKED 5X6 FRESH,IMPFRSH,32.12,,,,,
947,1908284,cs,1/3 CT,CELERY PASCAL FOODSERVICE,IMPFRSH,7.46,,,,,
948,2183929,cs,1/1LB,LEMON GRASS FRESH (DEMAND STATUS),PACKER,6.28,,,,,
949,2219095,cs,4/1 LB,"CILANTRO CLEANED, WASHED & FRESH HERB",IMPFRSH,22.57,,,,,
950,2219095,ea,1/1 LB,"CILANTRO CLEANED, WASHED & FRESH HERB",IMPFRSH,5.95,,,,,
951,3629433,cs,1/3 LB,LETTUCE SPRING MIX CONVENTIONAL PILLOW-PACKED,IMPFRSH,9.25,,,,,
952,3738804,cs,12/.5 PT,BLACKBERRY FRESH,DRISCOL,31.69,,,,,
953,4398772,cs,1/7 CT,PINEAPPLE FRESH GOLD,PACKER,15.38,,,,,
954,4615555,cs,1/1.9BHL,PEPPER GREEN BELL CHOPPER,PACKER,26.8,,,,,
955,4615704,cs,1/1.9BHL,PEPPER BELL RED CHOPPER,PACKER,28.46,,,,,
956,6359673,cs,12/6 OZ,BLUEBERRIES FRESH,PACKER,43.21,,,,,
957,6908115,cs,1/3 CT,MELON CANTALOUPE FANCY FRESH,IMPFRSH,13.12,,,,,
958,6908156,cs,1/3 CT,MELON HONEYDEW FRESH,IMPFRSH,19.13,,,,,
959,7350788,cs,4/2 LB,ONIONS GREENS ICELESS,IMPFRSH,31.44,,,,,
960,7350788,ea,1/2 LB,ONIONS GREENS ICELESS,IMPFRSH,8.29,,,,,
961,7410723,cs,1/12 CT,PARSLEY FRESH,IMPFRSH,11.45,,,,,
962,7412604,cs,1/12 CT,ORANGE FRESH,IMPFRSH,11.41,,,,,
963,8474538,cs,1/4 LB,SPINACH BABY FRESH,IMPFRSH,12.79,,,,,
964,7154057,cs,1/40 LB,POTATO SWEET #1 STANDARD,IMPFRSH,20.7,,,,,
965,2004547,cs,1/1 LB,BASIL FRESH HERB,IMPFRSH,6.02,,,,,
966,2005262,cs,1/4 OZ,THYME FRESH HERB,IMPFRSH,3.76,,,,,
967,2004844,cs,1/1 LB,ROSEMARY FRESH HERB,IMPFRSH,7.03,,,,,
968,2004992,cs,1/1 LB,TARRAGON FRESH HERB,IMPFRSH,11.35,,,,,
969,2530562,cs,1/8OZ,GREENS MICRO CHEF'S MIX (DEMAND STATUS),PACKER,21.5,,,,,
970,1007517,cs,1/36 CT,KIWI FRUIT FANCY FRESH,PACKER,12.9,,,,,
971,1422468,cs,1/50 LB,CABBAGE GREENS FRESH SACK LARGE,PACKER,14.69,,,,,
972,4629374,cs,2/5 LB,"SQUASH BUTTERNUT DICED 1"" FRESH",PACKER,29.72,,,,,
973,1977180,cs,1/8 OZ,GREENS MICRO BULLS BLOOD (DEMAND STATUS),PACKER,22.76,,,,,
974,2203024,cs,12/1 PT,TOMATO CHERRY FRESH,IMPFRSH,24.37,,,,,
975,7153810,cs,1/40 LB,POTATO SWEET 65 COUNT FRESH,IMPFRSH,23.05,,,,,
976,1243724,cs,12/EA,CAULIFLOWER CELLO WRAPPED FRESH,IMPFRSH,29.63,,,,,
977,7052479,cs,1/6 OZ,GREEN MICRO BASIL LEMON (DROP SHIP),KOPPERT,37.8,,,,,
978,3431770,cs,6/32Z,GINGER PICKLED NATURAL,SUSHCHF,59.24,,,,,
979,9903667,cs,1/50 LB,POTATO YUKON GOLD B SIZE #1,IMPFRSH,19.77,,,,,
980,8337503,cs,8/2#TRAY,AVOCADO HASS FRESH CHUNK PULP PACKAGED POUCH,CASAIMP,56.62,,,,,
981,6786594,cs,32/3.5 OZ,TEA ICED BREWED SPECIAL WATER WITH FILTERS,HSRCCLS,29.67,,,,,
982,6086575,cs,1/2.5GAL,SYRUP TEA GREEN,GLDPEAK,41.65,,,,,
983,6230619,cs,32/4 OZ,TEA ICED BREW FILTER POUCH,HSRCCLS,35.95,,,,,
984,4800807,cs,15/2 GAL,DRINK MIX LEMONADE,CTRYTIM,52.41,,,,,
985,1978586,cs,1/2.5GAL,SYRUP GINGER ALE 5:1 YIELD BAG-IN-BOX,SEAGRAM,40.05,,,,,
986,4746024,cs,1/2.5GAL,SYRUP TONIC WATER 5:1 YIELD BAG-IN-BOX 2.5 GAL,SEAGRAM,40.05,,,,,
987,5958863,cs,1/2.5GAL,SYRUP COKE CLASSIC 5:1 YIELD BAG-IN-BOX,COCACOL,40.05,,,,,
988,7190721,cs,1/2.5GAL,SYRUP COKE DIET 5:1 YIELD BAG IN BOX,COCACOL,40.05,,,,,
989,5960893,cs,1/2.5GAL,SYRUP SPRITE 5:1 YIELD BAG-IN-BOX,SPRITE,40.05,,,,,
990,7422397,cs,1/3 GAL,SYRUP GINGER ALE BAG-IN-BOX,SCHWEPP,47.13,,,,,
991,8856122,cs,1/5GAL,SYRUP LEMONADE BAG-IN-BOX,MINMAID,0,,,,,
992,8908832,cs,1/2.5GAL,SYRUP LEMONADE BAG-IN-BOX,MINMAID,40.05,,,,,
993,5358478,cs,24/3 OZ,TEA BREW BLEND PACK FILTER BAG,LIPTON,32.99,,,,,
994,2216038,cs,2/2 LTR,COFFEE LIQUID FROZEN CONCENTRATE COLOMBIAN,FOLGERS,89.84,,,,,
995,2216057,cs,2/2 LTR,COFFEE DECAFFEINATED LIQUID FROZEN CONCENTRATE COLOMBIAN,FOLGERS,92.73,,,,,
996,4138640,cs,12/24 OZ,DRINK MIX LEMONADE PINK,SAHAR B,34.26,,,,,
997,183081,cs,42/2 OZ,COFFEE GROUND PORTSIDE BLEND,SBESTCF,63.19,,,,,
998,4857702,cs,96/1.7 OZ,COFFEE GROUND DECAF,MAX HSE,84.75,,,,,
999,6160537,cs,32/4OZ,TEA ICED BREWED,SEGAFRE,32.66,,,,,
1000,7459035,cs,1/2.5GAL,SYRUP SPRITE DIET ZERO BAG-IN-BOX,SPRITE,40.05,,,,,
1001,5813209,cs,96/2 OZ,COFFEE GROUND ARABICA ROYAL MOUNTAIN WITH FILTERS,CITAVO,103.33,,,,,
1002,5932142,cs,96/2 OZ,COFFEE GROUND DECAFFEINATED SPECIAL BLEND WITH FILTERS,CITAVO,82.52,,,,,